Name,Title,Country,Standard Rating,Rapid Rating,Blitz Rating,Birth Year
Aaditya Dhingra,CM,IND,2495,2189,2269,2006
"Tran, Thanh Tu",CM,JPN,2386,2372,2399,1990
"Xie, Kaifan",CM,CHN,2382,2021,2023,2008
Mayank Chakraborty,CM,IND,2368,2225,2142,2009
Soham Kamotra,CM,IND,2348,2135,2209,2004
"Balacek, Tadeas",CM,CZE,2347,2287,2278,1995
"Zuo, Yifan",CM,CHN,2337,2217,2232,2005
"Tan, Jun Ying",CM,MAS,2326,2099,2089,2003
Dau Khuong Duy,CM,VIE,2299,2206,2125,2011
"Rostomyan, Mikayel",CM,ARM,2294,2169,2076,2006
"Skvortsov, Andrei",CM,MNE,2294,2227,2357,1996
"Bazzano, Sebastian",CM,ARG,2288,2281,,1974
"Krawczyk, Flawian",CM,POL,2288,2116,2040,2008
Pimpalkhare Vedant,CM,IND,2287,2101,2182,1997
"Atoyan, Alberto",CM,ARM,2283,1963,1860,2009
"Horcajuelo Rocamora, Martin",CM,ESP,2281,2188,2187,2008
"Salinas Tomas, Daniel",CM,ESP,2281,2260,2172,2009
"Villar Perez, Samuel",CM,ESP,2280,2151,2171,1994
"Fiszer, Bartosz",CM,POL,2280,2136,2079,2007
"Thing, Bibek",CM,NEP,2279,2169,2111,1995
"Sierra Vallina, Lionel",CM,ESP,2279,2251,2302,2009
"Montignies, Rainer",CM,GER,2278,,,1979
Shaik Sumer Arsh,CM,IND,2273,2154,2358,2008
"Creanga, Robert-Ionut",CM,ROU,2273,2184,2123,2006
"Yaran, Siar",CM,TUR,2272,2191,2191,1998
"Sowul, Bartosz",CM,POL,2272,2181,2188,1994
"Guttulsrud, Odd Martin",CM,NOR,2271,2201,2174,1994
"Turner, Max N",CM,ENG,2270,2246,2157,2003
"Antonios, Johnny",CM,LBN,2269,2181,2246,1981
"Ersoz, Teoman Guney",CM,TUR,2269,1591,1767,2009
"Bujnoch, Radek",CM,CZE,2269,2213,2110,1978
"Anttila, Perttu",CM,FIN,2269,2220,,1986
"Kejna, Piotr",CM,POL,2269,2062,1976,2007
"Donker, Roel",CM,NED,2268,,,1987
"Assylov, Miras",CM,KAZ,2267,2189,1991,2008
"Soberov, Emil",CM,CAN,2266,1860,1777,2010
"Nunez Asencio, Jorge",CM,CUB,2266,,2254,1988
Md Bashiq Imrose,CM,IND,2266,1494,1689,2007
"Bruil, Rembrandt",CM,NED,2266,,2123,2003
"Marquez Ruiz, Angel Jesus",CM,VEN,2265,2236,2268,1990
"Hasanagic, Anel",CM,SLO,2264,2302,2209,1991
Mendes Aaron Reeve,CM,CAN,2262,2190,2116,2012
"Yilmaz, Baver",CM,TUR,2261,1622,1622,2012
"Ulasevich, Sergei",CM,FID,2261,2123,2124,1991
"Mulawa, Cyprian",CM,POL,2258,2170,2198,2009
Chitre Arush,CM,IND,2258,1678,1996,2010
"Naciri, Zouhair",CM,MAR,2258,2243,2240,1976
"Marie, Maxime",CM,FRA,2258,2145,2110,1984
"Vemparala, Nikash",CM,USA,2257,,2069,2010
"Doknjas, Neil",CM,CAN,2255,,2152,2005
"Birkisson, Bardur Orn",CM,ISL,2254,2045,2096,2000
"Carrillo Parra, Miguel Alfredo",CM,COL,2254,2223,2207,1988
Dinh Nho Kiet,CM,VIE,2253,2143,2089,2010
"Ahmed, Abuzied",CM,SUD,2252,2253,2117,1984
"Ozen, Metehan",CM,TUR,2252,2136,1710,2006
"Rathlev, Jakob",CM,DEN,2251,2238,,1978
"Alivodic, Dario",CM,MNE,2251,2167,2148,2002
"Horvath, Gabor",CM,HUN,2251,2253,,1980
"Tomeo, Ivan",CM,ARG,2250,2193,2120,1992
"Elgersma, Simon",CM,NED,2250,,2099,2000
"Biro, David",CM,HUN,2249,,,1982
"Mollema, Thomas",CM,NED,2249,,2294,1997
"Jusup, Matej",CM,CRO,2249,,2157,1992
"Kuzhylnyi, Oleksandr",CM,UKR,2248,2063,2173,2006
"Sprangers, Remco",CM,NED,2248,,,1985
"Nafri, Khalil",CM,MAR,2248,2243,2151,1987
"Ramirez Marin, Ivan",CM,MEX,2248,2204,2190,1994
"Coman, Mihnea-George",CM,ROU,2247,2144,2113,2003
"Yoo, Eugene",CM,USA,2247,1955,,2005
"Panek, Bartosz",CM,POL,2246,1967,1972,2004
"Escalona Landi, Samid Eduardo",CM,VEN,2245,2338,2415,2002
"Paradzik, Berislav",CM,CRO,2245,2104,2104,1999
"Idrizaj, Abedin",CM,KOS,2245,2215,2321,1973
"Van Rijn, Anton",CM,NED,2245,,,1964
"Bauer, Thomas",CM,AUT,2245,2092,2168,1996
"Liang, Hairan",CM,CAN,2244,,,2002
"Garcia de Dios, Jose Antonio",CM,MEX,2242,2071,2250,2002
"Wan, Joseph",CM,USA,2242,2115,2235,2001
"Cai, Chaoruo",CM,CHN,2241,2123,2109,1986
"Yuksel, Atilla Koksal",CM,TUR,2241,,2231,1996
"Leong, Luke",CM,SGP,2240,,,1986
"Kasa, Attila",CM,HUN,2240,,,1970
"Eichstaedt, Mirko",CM,GER,2240,,2164,1997
"Zacurdajev, Dmitry",CM,SRB,2239,2173,2216,1989
"Gelbenegger, Patrick",CM,AUT,2239,2160,2131,2000
"Krylov, Aleksey",CM,RUS,2238,2285,2224,1995
"Ocelak, Jakub",CM,CZE,2238,2035,2156,2005
"Espinosa, Pedro",CM,USA,2238,2019,2016,2004
"Sanchez Vigon, David",CM,ESP,2236,2166,2134,1997
"Aumont, Alexandre",CM,FRA,2236,2110,,1993
"Cvetanovic, Uros",CM,SRB,2235,2338,2294,1995
"Ilincic, Aleksa",CM,SRB,2235,2156,2115,1997
"Munoz Martin, Pablo",CM,ESP,2235,,,1974
"Nemec, Vjekoslav",CM,CRO,2235,2225,2317,1992
Aashman Gupta,CM,IND,2235,1841,1967,2008
"Filali, Razzouki Marouane",CM,MAR,2234,2193,2132,1993
"Tang, Dylan",CM,USA,2234,,1740,2010
"Mifsud, Timothy",CM,MLT,2234,,,1979
"Muradov, Soltan",CM,TKM,2233,2099,2198,2002
"Cordon Gutierrez, Juan Pedro",CM,ESP,2233,2251,2255,1973
"Karaoglan, Doruk",CM,TUR,2233,2110,2110,2004
"Osorio Itanare, Fernando Augusto",CM,VEN,2232,2207,2153,1986
"Bargsten, Justus",CM,GER,2232,2073,2164,2001
"Villiers, Thomas",CM,ENG,2232,2108,2131,1992
"Mazurek, Robert",CM,POL,2231,2126,2211,1984
"Erten, Kerem",CM,TUR,2231,2185,1940,2008
"Tiarks, Jann-Christian",CM,GER,2231,2192,2241,2000
"Povshednyi, Ivan",CM,UKR,2230,2079,2307,2009
Akshit Kumar J,CM,IND,2229,2064,2073,2003
"Wilk, Igor",CM,POL,2228,2145,2113,2006
"Sorungbe, Ademola",CM,NGR,2228,2228,2252,1983
"Westrum, Kim Roger Hansen",CM,NOR,2226,2105,1935,2005
"Hajek, Oskar",CM,CZE,2226,2120,2144,1996
"Carreto Nieto, Giovanni",CM,MEX,2225,2181,2221,1983
"Loftgaard, Mikkel Vinh",CM,DEN,2225,2085,2193,2006
"Seidl, Jan",CM,CZE,2224,1906,2043,2007
"Cilek, Bora",CM,TUR,2224,,2101,2004
"Norberg, Erik",CM,SWE,2224,2265,2249,1985
"Mondrzycki, Bartlomiej",CM,POL,2223,2111,1971,1994
"Haug, Havard",CM,NOR,2223,2146,2324,2010
"Pechnikov, Artiom",CM,RUS,2222,,,1988
"Feinig, Mario",CM,AUT,2222,2162,2127,1992
"Jaskolka, Tomasz",CM,POL,2222,2171,2141,1995
"Denis, Laurent",CM,FRA,2220,2022,2211,1971
"Riemay, David",CM,GER,2220,2120,,1986
"Kabilov, Amin",CM,TJK,2220,2130,2110,1996
"Karaoglan, Kivanc",CM,TUR,2220,,2087,1999
"Light, Bjarne",CM,DEN,2218,2206,,1964
"Abbes, Ali",CM,TUN,2218,,2103,1973
"Krivenko, Dion",CM,EST,2218,2010,2033,2005
"Visser, Henk-Jan",CM,NED,2218,2247,2181,1980
"Aymerich Verdaguer, Eduard",CM,ESP,2218,2195,2112,1997
"Maycock Bates, David Henry",CM,MEX,2217,2143,2149,2003
"Bendayan Claros, Aaron",CM,ESP,2217,2143,2213,1993
"Khalil, Ahmed Salem",CM,EGY,2217,2071,2045,1983
"Meunier-Pion, Jean",CM,FRA,2217,2141,2124,2001
"Vaupot, Luka",CM,SLO,2216,1894,1921,2005
"Ghevondyan, Arman",CM,ARM,2216,2040,2176,2002
"Carrasco Miranda, Andres",CM,CHI,2216,2159,2183,1987
"Leslie, Alex",CM,ENG,2216,1903,1903,2005
"Van Arkel, Rogier",CM,NED,2216,,2248,1974
"De Boer, Bas",CM,NED,2216,,1925,1998
"Garcia Dorado, Alberto",CM,ESP,2216,2091,2109,1985
"Zahmati, Sobhan",CM,IRI,2216,2004,2017,2006
"Szczepanek, Radoslaw",CM,POL,2215,2116,2161,1983
"Meyers, Mark",CM,GER,2215,2140,,1997
"Burrer, Fabian",CM,AUT,2215,2051,2106,2000
"Skenderovic, Nikola",CM,SRB,2215,2182,2119,2002
Adithya A Chullikkad,CM,IND,2215,2021,2042,2008
"Thorsteinsson, Arnar",CM,ISL,2214,2192,2273,1967
"Aslanov, Umid",CM,AZE,2214,1878,1893,2006
"Lindbergh, Theodor",CM,SWE,2214,2206,2216,1992
"Gallevci, Yagiz",CM,TUR,2214,2104,2104,2003
"Rogov, Matfey",CM,RUS,2213,1854,2057,2007
"Mateos Rozas, Miguel Angel",CM,ESP,2213,2143,2090,1989
"Avila Rodriguez, Joshua Ad",CM,MEX,2212,2171,2097,2002
"Safar, Sandro",CM,CRO,2212,2129,2194,1999
"Jelcic, Marko",CM,BIH,2211,2167,2156,1984
"Huynh, Laurent",CM,BEL,2211,2154,2137,2003
"Hovhannisyan, Hrayr",CM,SWE,2211,2234,2188,1998
"Kovacs, Adrian",CM,HUN,2211,,2176,1981
"Bokhnak, Timofey",CM,CZE,2210,1958,2035,2007
"Tamayo Romay, Javier",CM,ESP,2210,2123,,1978
"Moll, Arne",CM,NED,2210,,2247,1973
"Castro Silva, Moises Antonio",CM,VEN,2209,2106,2143,2004
"Szalay-Ocsak, Bank",CM,HUN,2209,2077,1970,2006
"Avila Bautista, Roberto Al",CM,MEX,2209,2075,2108,2001
"Chen, Forest",CM,USA,2209,,,2002
"Cremer, Jan Paul",CM,GER,2208,2162,2231,1994
"Lai Hop, Duong",CM,GER,2207,2139,,1968
"Kumala, Aleksander",CM,POL,2207,2132,2269,1993
"Nilsen, Tobias Lang",CM,NOR,2207,2159,2221,2003
"Melzner, Lukas",CM,GER,2206,2186,2179,1990
"Rakitin, Daniil",CM,RUS,2206,2199,2233,2007
"Degoirat, Julien",CM,FRA,2206,2200,2170,1984
Borgaonkar Akshay,CM,IND,2206,2041,2052,2009
"Volkov, Nika",CM,GEO,2206,2262,2359,1994
"Bardyk, Artem",CM,RUS,2206,2306,2300,2009
"Novosel, Tomislav",CM,CRO,2206,,2224,1989
"Skotheim, Andreas",CM,NOR,2205,2159,2126,1999
"Uribe, Jhonny Alberto",CM,VEN,2205,2171,2198,1984
"Holzhauer, Bjoern",CM,GER,2205,,,1979
"Ghimoyan, Narek",CM,ARM,2204,2048,1933,2007
"Polak, Indra",CM,NED,2203,,,1969
"Fischler, Oscar",CM,FRA,2203,2039,1951,2007
"Haarr, Jon Kristian",CM,NOR,2203,2145,2172,1992
"Brookes, Christopher",CM,NED,2203,,2085,1994
"Amirdzhanyan, Vladimir",CM,RUS,2203,2165,2066,2008
"Nechitaylo, Nikita",CM,UKR,2203,2087,2049,2010
"Dalo, Hermes",CM,VEN,2202,,2163,1995
"Yilmaz, Goktan",CM,TUR,2201,2123,2127,2000
"Romero Castejon, Daniel",CM,ESP,2201,2097,2091,1996
"Pedersen, Gunnar",CM,DEN,2201,2198,2191,1960
"Sonnenschein, Philipp",CM,GER,2201,2261,2257,1993
"Jaferian, Koosha",CM,IRI,2201,2139,2219,1998
"Chojnacki, Slawomir",CM,POL,2201,2109,2096,1981
"Matthes, Aaron",CM,GER,2201,2129,,2002
"Krstic, Milos",CM,SRB,2200,2141,2222,2000
"Heinola, Vesa",CM,FIN,2200,2217,2165,1972
"Saraci, Korab",CM,KOS,2200,2141,2174,2003
"Antunez Soler, Luis",CM,CUB,2200,,2154,1993
"Karagyozian, Edgar",CM,FRA,2200,2225,2170,1984
"Dyulgerov, Volen",CM,BUL,2200,2098,2098,1999
"Boucquet, Emile",CM,BEL,2199,2177,2142,1997
"Ramirez Osio, Julio Adrian",CM,MEX,2199,2136,2199,1994
"Gireman, Ja",CM,IND,2199,2099,2151,1997
"Briscoe, Chris",CM,ENG,2199,2140,2111,1971
"Hernandez Amura, Gilberto",CM,ARG,2198,2088,2012,1998
"Floor, Dirk",CM,NED,2198,,,1970
"Ursan, Petru-Sebastian",CM,ROU,2197,2128,2122,1998
"Lindner, Daniel",CM,GER,2197,,,1976
"Cunjalo, Faris",CM,BIH,2197,2229,2244,1997
"Tadevosyan, Aspet",CM,ESP,2197,2134,2092,2005
"Marchesich, Giovanni",CM,ITA,2197,2086,2198,2004
"Balague Camps, Marc",CM,ESP,2197,2167,2089,1995
"Nord, Alexander",CM,SWE,2196,2055,2077,2004
"Aiello, Paolo",CM,ITA,2196,2137,,1970
"Krzywda, Andrzej",CM,POL,2195,1983,2130,1980
"Kirilmaz, Emre",CM,TUR,2195,2125,2166,2002
"Della Corte, Alessandro",CM,ITA,2194,2151,2205,1979
"Molina Carretero, Daniel",CM,ESP,2194,2172,2138,1995
"Bringas Gomez, Artai",CM,ESP,2194,2152,2179,2003
"Sandholm, Klas",CM,FIN,2194,,,1969
"Filipovic, Slobodan J",CM,SRB,2194,2197,2246,1971
"Shubin, Daniel",CM,USA,2194,2183,2040,2005
Chinguun Bayaraa,CM,MGL,2193,1870,2089,2005
"Bremner, Adam",CM,SCO,2193,2184,2197,1991
"Moskvin, Anatoly",CM,FID,2192,2138,2125,2002
"Sandalakis, Nikolaos",CM,GRE,2192,2095,2105,1994
"Michelen Rodriguez, Victor Isaac",CM,DOM,2191,2231,2237,1986
"Vujec, Ivan",CM,CRO,2191,2166,2202,1993
"Jacutina, John Merill",CM,PHI,2191,2151,2144,2000
"Van de Oudeweetering, Raoul",CM,NED,2191,,,1971
"Kokeny, Gabor",CM,HUN,2190,2106,2109,1988
"Prados Montano, Antonio",CM,ESP,2190,,,1966
"Bold, Andre",CM,GER,2190,,2110,2001
"Petersson, Baldur Teodor",CM,SWE,2190,2130,2130,2001
"Rodriguez Avila, Alvaro",CM,ESP,2190,1962,2043,2006
"Smolka, Marcin",CM,POL,2190,2119,2117,1996
"Adnan, Habib",CM,CAN,2190,2110,2110,2001
"Nathan, Nitish",CM,USA,2190,,,2009
"Costa,Carlos Evanir",CM,BRA,2190,2198,2155,1964
"Gluszko, Tomasz",CM,POL,2189,2155,2092,1990
"Derraugh, Geordie",CM,CAN,2189,2108,2033,1989
"Ronai, Akos Balazs",CM,HUN,2189,2036,2005,2004
Soham Datar,CM,IND,2188,2089,2072,1994
"Turudic, Nenad",CM,SRB,2188,2179,2146,1968
"Paduano, Claudio",CM,ITA,2188,2104,2021,2006
"Pace, Colin",CM,MLT,2188,2127,2068,1979
"Stysiak, Szymon",CM,POL,2188,,,1985
"Milonakis, Georgios",CM,GRE,2188,2086,2120,1982
"Jaque Gutierrez, Matias",CM,CHI,2187,2071,2040,2005
"Ribera Veganzones, Serni",CM,AND,2187,2188,2047,2007
"Croizier, Valery",CM,FRA,2187,2168,,1973
"Zhang, Derek",CM,USA,2186,,2087,2001
"Mesias Rojas, Rabindranath",CM,CHI,2186,2288,2137,1978
"Nilsson, Anders 1976",CM,SWE,2186,2203,2209,1976
"Paredes Guzman, Francisco Javier",CM,MEX,2186,1923,1899,2006
"Garsky, Vladyslav",CM,UKR,2186,1988,2097,2009
"Janssen, Ger",CM,NED,2185,,,1967
"Benavente Vazquez, Juan Jose",CM,MEX,2185,2158,2086,1995
"Le, Tri Kien",CM,VIE,2185,1894,2010,2005
"Phiri, Godwin",CM,ZAM,2184,2137,2225,1992
"Derige Kane, Yan",CM,FRA,2184,2242,2216,2001
"Paquico Rodriguez, Ivan",CM,ESP,2184,2098,,1989
"Mayaud, Raphael",CM,FRA,2183,,2191,1974
"Sepulveda Rojas, Jorge",CM,CHI,2183,2251,2209,1981
"Barak, Gil",CM,ISR,2183,2028,2040,2000
Rajarishi Karthi,CM,IND,2183,2099,2186,1998
"Dogan, Ali Ekber",CM,TUR,2182,2211,,1987
"Jaramillo Lopez, Ali Aaron",CM,VEN,2181,2187,2320,2006
"Massironi, Marco",CM,ITA,2181,2214,2186,1986
"Fernandez Hernandez, Gerardo",CM,ESP,2181,2195,,1965
"De La Puerta Cresis, Javier",CM,ESP,2181,2061,2072,1994
"Varpanen, Jan",CM,FIN,2180,2091,,1987
"Thornros, Christer",CM,SWE,2180,2137,2141,1959
"De Siqueira, Luigy Lira",CM,BRA,2179,2020,1941,2007
"Khachatryan, Samvel S.",CM,ARM,2179,2178,2137,2003
"Nguyen, Phuoc Tam",CM,VIE,2179,2071,2107,1995
"Simoes, Joao",CM,ANG,2179,2086,2098,1981
"Sousa, Ludy Helsio Paulo",CM,NOR,2179,2134,2216,1977
"Rodriguez Garcia, Yuliesky",CM,CUB,2178,2153,2157,1984
"Mostbauer, Maximilian",CM,AUT,2178,2196,2187,1997
"Sebban, Jean-Paul",CM,FRA,2177,2136,,1968
"Finn, Peter",CM,ENG,2177,2046,1966,1998
"Wafa, Hamed",CM,EGY,2177,2252,2272,2008
"Padalka, Artem",CM,POL,2177,2072,2056,1989
"Bollen, Guus",CM,NED,2177,2186,2191,1990
"Kandil, Ahmed",CM,EGY,2177,2064,2057,2008
"Nandhakumar, Vaseegaran",CM,USA,2177,,1904,2008
"Schrik, Rachid",CM,NED,2177,2176,2098,1976
"Van der Velden, Bram",CM,NED,2176,2207,2139,1988
"Chen, Max",CM,CAN,2176,2135,2124,2007
"Lindholt, Malik",CM,DEN,2176,2073,,1977
"Stokstad, Petter G.",CM,NOR,2175,,2099,1969
"Caloni, Ugo",CM,ITA,2175,2137,2101,1965
"Ballotti, Luca",CM,ITA,2175,2087,2139,2004
"Brinovec, Dusan",CM,SLO,2175,2041,2118,1969
"Foerster-Yialamas, Lucas",CM,GER,2175,2067,2217,2007
"Le, Huu Thai",CM,VIE,2174,2069,2038,1997
"Vea, Odin Blikra",CM,NOR,2174,2242,2171,1984
"Suarez, Mauricio Josue",CM,ARG,2173,2170,2060,2002
"Ancheyta Tejas, Jose Alejandro",CM,MEX,2173,,,1982
"Navarro Alonso, Jorge",CM,ESP,2173,2145,2128,1982
"Ten Vergert, Paul",CM,NED,2172,,,1991
"Kovshoj, Sune",CM,DEN,2172,,,1988
"Boehmer, Christian",CM,GER,2172,2199,2228,1966
"Musial, Tomasz",CM,POL,2171,2036,2086,2003
"Revilla Moron, Oniel Josue",CM,VEN,2171,2186,2134,1987
"Khalikov, Bulat",CM,FID,2171,2086,2091,2003
"Fernandez Troncoso, Francisco Manuel",CM,ESP,2171,2170,,1975
"Galaviz Medina, Atlas Adomaitis",CM,MEX,2171,2031,2031,2006
"Roque Sola, Jose Luis",CM,MEX,2170,2117,2117,1999
"Guzman Moneo, Alberto",CM,ESP,2170,2226,2157,1970
Nayak Rajesh,CM,IND,2170,2083,2083,1996
"Ribera Veganzones, Josep Maria",CM,AND,2170,2074,2041,2003
"Teimouri Yadkuri, Shahdad",CM,IRI,2170,2040,1920,2007
"Ballesteros Cardenas, Leonardo",CM,CHI,2169,2181,1972,2006
"Cechura, Petr",CM,CZE,2169,2069,2101,1979
"Dahale, Atul",CM,IND,2169,2101,2074,1989
"Zaloznyy, Mike",CM,USA,2169,2126,2047,1979
"Corredor Rengifo, Luis Fernando",CM,COL,2169,2020,2096,1995
"Paiva, Donaldo",CM,MOZ,2169,2162,2269,1991
"Hammerstad, Asmund",CM,NOR,2169,,,1976
"Flynn, Jacob",CM,IRL,2169,2068,2100,2001
"Wierzbicki, Jirawat",CM,GER,2168,2147,2198,2002
"Bures, Vit",CM,CZE,2168,2182,2028,1976
"Xhembulla, Aleksander",CM,ALB,2168,2241,2130,2006
"De La Fuente Mayan, Alfredo",CM,ESP,2168,2114,,1974
"Khalakhan, Jurij",CM,AUT,2167,2078,2233,1999
"Abiad Parra, Carlos Jose",CM,VEN,2167,2098,2182,1998
"Johansson, Carl Fredrik",CM,SWE,2167,2159,1991,1967
"Schatz, Christian",CM,GER,2167,2122,2146,1961
Nomindalai Tumurbaatar,CM,MGL,2166,2091,2156,2002
"Chertkov, Maksim",CM,RUS,2165,2044,1975,2009
"Fajdetic, Hrvoje",CM,CRO,2165,2133,2185,1969
"Pappelis, Dimitrios",CM,GRE,2165,2104,2104,1994
"Drost, Peter",CM,NED,2165,,,1988
"Westerveld, Wim",CM,NED,2164,,2145,1950
"Balogh, David",CM,HUN,2164,2105,2117,1993
"Kamalsyah, Muhammad",CM,INA,2164,2065,,1999
"Viera, Emilio",CM,URU,2164,2207,2161,1982
"Castellanos Villela, Alejandro",CM,CHI,2164,2102,2138,2004
"Sallam, Sabri Abdul-Mawla",CM,YEM,2164,,2115,1973
"Kananub, Warot",CM,THA,2163,2077,2168,1994
"Uysal, Burak",CM,TUR,2163,2020,2073,1994
"Altman, Joshua",CM,ENG,2163,2028,2022,2004
"Tran, Thanh Kien",CM,GER,2163,2144,2191,1989
Joel Paul Ganta,CM,IND,2163,1931,1891,2001
"Fizer, Marek",CM,CZE,2162,1858,1858,2008
"Jagodzinski, Piotr",CM,POL,2162,2230,2199,1989
"Katzir, Moshe",CM,ISR,2162,2113,2121,1973
"Bieliauskas, Marius",CM,LTU,2161,2072,2165,1987
"Lopez Raygoza, Luis Alberto",CM,MEX,2161,2064,2245,1995
"Shturman, Arseniy",CM,FID,2161,2073,2057,2007
"Pertinez Soria, Juan Luis",CM,ESP,2161,,,1976
"Woong, Zhi Wei William",CM,SGP,2161,2076,2103,2001
"Toth, Jozsef",CM,HUN,2161,,,1976
"Midy, Robin",CM,FRA,2160,2217,,2000
"Christensen, Thomas",CM,DEN,2160,2150,2130,1976
"Brod, Manfred",CM,AUT,2160,2202,2152,1971
"Tikhonov, Viacheslav",CM,RUS,2160,2155,2191,2003
Albadri Abd Al Sattar,CM,IRQ,2160,2162,2090,1966
"Pham, Xuan Dat",CM,VIE,2160,2097,2088,1987
"Nygren, Kim",CM,SWE,2160,2259,2209,1980
"Gokcek, Kursat Bugra",CM,TUR,2160,2130,2016,2006
"Pekar, Vaclav",CM,CZE,2158,2167,2156,1986
Dr. Murtaza Ali,CM,PAK,2158,2121,2050,1981
"Jaquez, Juan Manuel",CM,DOM,2158,2183,2166,1963
"Caceres Benitez, Arturo Eduardo",CM,PAR,2158,2089,2045,2009
Kukreja Sankalp,CM,IND,2158,2154,2126,2007
"Papadopoulos, Panayotis",CM,GRE,2158,2076,2069,1996
"Serra Canals, Oriol",CM,ESP,2158,2085,2075,1999
"Rodriguez Polo, Mateo",CM,ESP,2157,2117,2117,1999
"Andrianiaina, Heritiana",CM,MAD,2157,2038,2133,1994
"Titichoca Daza, Daniel",CM,BOL,2157,2135,2157,2003
"Utama, Ivan",CM,NED,2157,,,1977
"Diaz Iglesias, Jose Maria",CM,ESP,2157,2191,2021,1975
"Josse, Mark",CM,ENG,2156,2135,2168,1968
"Manukyan, Artyom",CM,ARM,2155,2138,2103,1999
Adireddy Arjun,CM,IND,2155,1879,1846,2010
"Karwowski, Kacper",CM,POL,2155,2162,2219,1998
"Jozsa, Csaba",CM,HUN,2155,,,1950
"Heinichen R., Juan Uvaldo",CM,PAR,2154,2046,2046,2000
"Lohia, Sohum",CM,ENG,2154,2036,2171,2009
"Ochirbat, Lkhagvajamts",CM,MGL,2154,2100,2085,2007
"Harish, Neeraj",CM,USA,2154,,1866,2009
"Perez Perez, Gabriel",CM,ESP,2153,2158,2123,2003
"Koellner, Aaron Noah",CM,GER,2153,,2133,2002
"Gulatz, Maurice",CM,GER,2153,,2161,1991
"Sauvageot Ledezma, Diego",CM,CHI,2153,2104,2105,1992
"Rychagov, Nikita",CM,EST,2153,2276,2254,2005
"De Oliveira,Victor Gabriel C.",CM,BRA,2152,2202,2178,1996
"Godoy, Carlos",CM,ARG,2152,2169,2163,1961
"Limon Olmos, Ivan Alonso",CM,MEX,2152,1986,1986,2001
"Ferey, Antonin",CM,FRA,2152,2129,2088,2003
"Englisch, Colya",CM,FRA,2152,2131,2116,2003
"Kiese, Matthias, Prof. Dr.",CM,GER,2152,2250,,1971
"Onyekwere, Chikwere",CM,NGR,2152,2213,,1985
"Gruzman, Ilya",CM,ISR,2151,2001,1986,2002
"Sodbilegt, Naranbold",CM,MGL,2151,1969,2003,2009
"Haining, Kyle",CM,USA,2150,,,2000
"Ribeiro, Matheus Mendes Domingues",CM,BRA,2150,2186,2148,2005
"Jankowiak, Tomasz",CM,POL,2149,1921,2056,1999
"Averbukh, Alex",CM,JPN,2149,,,1982
"Egorov, Konstantin",CM,RUS,2149,2023,1878,1994
"Budima, Armend",CM,KOS,2149,2158,2120,1969
"Hansch, Stephan",CM,GER,2148,2151,2053,1997
"Lacroix, Romain",CM,FRA,2148,2115,,1986
"Rasmussen, Henning",CM,DEN,2148,,,1982
"Juknis, Paulius",CM,LTU,2148,2105,2066,1986
"Prisacaru, Stefan-Emilian",CM,ROU,2148,2147,2114,2005
"Zeneli, Klendi",CM,ALB,2148,1952,1948,2004
"Jimenez, Joaquin",CM,ARG,2147,2196,2163,1976
"Ozkan, Ervin",CM,TUR,2147,2235,2208,1982
"Moskovich, Daniel",CM,ISR,2147,2111,2111,1976
"Marino Bravo, Miguel Angel",CM,ESP,2147,2098,2065,1964
"Sirvent Aguirre, Didac",CM,ESP,2146,2102,2075,1977
"Bullen, Alex",CM,WLS,2146,2020,2078,1994
"Whatley, Stephen A J",CM,ENG,2146,2038,2038,1999
"Bielinski, Dariusz",CM,POL,2146,2209,2123,1975
"Mompel Ferruz, Xavier",CM,ESP,2145,1938,1990,2010
Saypuri Srithan,CM,IND,2145,2072,2072,2005
"Decosse, Jean-Fabien",CM,FRA,2145,2206,2075,1982
"Mazurkiewicz, Michal",CM,POL,2145,2154,2124,1989
"Watters, Chase",CM,USA,2144,2201,2168,1983
"Machin, Guillaume",CM,FRA,2143,2186,2115,1984
"Hagen, Anders Gjerdrum",CM,NOR,2143,2200,,1990
"David, Bogdan-Emanuel",CM,ROU,2143,2006,2013,2003
"Ismagilov, Damir",CM,RUS,2143,2106,2131,2004
"Batbold, Nyamsuren",CM,MGL,2143,1971,1966,2005
"Contreras Medina, Ruben Dario",CM,MEX,2143,2113,2124,1981
"Garcia Domingo, Jose Antonio",CM,ESP,2143,,,1974
"Barletta, Mauro",CM,ITA,2142,,,1968
"Hobson, Kenneth",CM,ENG,2142,1993,1954,2009
"Reuber, Artur",CM,GER,2142,,,1985
"Eden, Tomer",CM,ISR,2142,2168,2036,1981
"Munoz Perez, Rolando",CM,CUB,2141,2154,2132,1972
"Litsas, Ioannis",CM,GRE,2141,,,1983
"Mijatovic, Dusan",CM,SRB,2141,2073,2202,2004
"Rajaram, Rohan",CM,USA,2141,1656,1646,2011
"Anghel, Iulian-Mihai",CM,ROU,2141,2007,1897,2006
"Nyambe, Maketo",CM,ZAM,2140,,,1992
"Piringer, Florian",CM,AUT,2140,,,1985
"Houhou, Alexandre",CM,FRA,2140,2025,2101,2000
"Urban, Zdenek",CM,CZE,2140,2059,2115,1959
"Yang, Alexander",CM,USA,2139,,2097,2010
"Perez Nunez, Saul",CM,ESP,2139,2062,2009,1996
"Stefan, Romulus-Cristian",CM,ROU,2139,2110,2056,1973
"Saif, Malek",CM,JOR,2139,2050,2050,2004
"Mesa Cruz, Juan Carlos",CM,DOM,2139,,2140,2003
"Wulf von Moers, Jens",CM,GER,2139,,,1963
"Ratnesan, Ranesh",CM,ENG,2138,2160,2160,2005
"Nannelli, Paolo",CM,ITA,2138,2113,2212,1967
"Bazilius, Augustinas",CM,LTU,2138,2000,2109,2009
"Seddaoui, Yamine",CM,ALG,2138,2138,2032,1985
"Gonzalez Salto, Roberto de Jesus",CM,MEX,2138,2035,,1959
"Proettel, Swen",CM,GER,2137,2157,2196,1972
"Carvalho, Guillermo",CM,URU,2137,2221,2089,1967
Lakshmi Narayanan M V,CM,IND,2137,2011,2130,1984
"Koshulyan, Egor A.",CM,RUS,2136,2259,2184,2009
"Marmili, Giulio",CM,ITA,2136,2194,2150,1976
"Medghoul, Sherif",CM,FRA,2136,2029,2024,1980
"Blazquez Lopez, Berna",CM,ESP,2136,2051,2009,1980
"Malinowsky, Levi",CM,GER,2135,1827,1905,2010
"Lymar, Vladislav",CM,UKR,2135,2187,2234,2003
"Aboudi, Marwan",CM,JOR,2133,2047,2186,1964
"Persson, Andreas",CM,SWE,2133,2178,,1979
"Dussaubat Pedersen, Nelson Cristian",CM,CHI,2133,,,1984
"Mihajlov, Svetoslav",CM,NOR,2133,2112,2118,1967
"Charmier, Gregory",CM,FRA,2133,,,1979
"Bregu, Riza",CM,ALB,2133,2137,2109,1991
"Rehurek, Lukas",CM,CZE,2132,2040,2046,1980
"Halldorsson, Halldor",CM,ISL,2132,2238,2178,1984
"Krulich, Roman",CM,MNC,2132,2215,,1963
"Rorvik, Jon F.",CM,NOR,2131,2132,2184,1962
"Mishra, Prateek",CM,USA,2131,,,2004
"Christensen, Janus",CM,DEN,2131,2104,2143,1979
"Teran Abreu, Lisyender Jesus",CM,VEN,2130,2111,2036,1988
"Jakrlin, Mihael",CM,CRO,2130,2056,2234,2002
"Dobrin, Ionut-Alexandru",CM,ROU,2130,2024,1978,2003
"Marinakis, Hristos",CM,GRE,2130,2052,,2003
"Stotyn, Fabian",CM,GER,2130,2195,2123,1984
"Mendoza, Rodrigo",CM,BOL,2129,2242,2111,1994
"Hjorth, Gunnar",CM,SWE,2129,2202,,1957
"Kobayashi, Atsuhiko",CM,JPN,2129,2128,,1992
"Roganovic, Nebojsa",CM,SRB,2129,2156,2192,1990
Apoorv Kamble,CM,IND,2129,1899,1940,2009
"Haas, Michael",CM,AUT,2129,2117,2108,1991
"Mika, Tomasz",CM,POL,2129,2137,2186,1995
"Daniel, Damian",CM,POL,2129,2047,2094,1996
"Kotyk, Michael",CM,GER,2128,2057,2069,2004
"Modric, Nesa",CM,SRB,2128,2130,2167,1971
"Van Apeldoorn, Janton",CM,NED,2128,,,1972
"Guelsen, Taylan",CM,GER,2128,,,1986
"Marin Pincheira, Carlos",CM,CHI,2127,2141,2080,1989
"Karlik, Ondrej",CM,CZE,2127,2166,2025,1995
"Ozalp, Burak",CM,TUR,2127,2106,2106,1992
"Marin Ramirez, Gerardo",CM,VEN,2127,2088,1991,1968
"Hein, Carsten",CM,GER,2126,,,1962
"Idrissi, Chafik",CM,MAR,2126,2217,2166,1973
"Haase, Pavel",CM,CZE,2126,1989,2033,2002
"Kekic, Armin",CM,BIH,2126,2197,2158,1976
"Torres Boch, Jose Francisco",CM,ESP,2126,2159,2073,1988
"Gressmann, Moritz",CM,GER,2125,2146,,2000
"Sabatier, Mathis",CM,FRA,2125,2051,2105,2003
"Valhondo Morales, Ruben",CM,ESP,2124,2105,2206,1995
"Gao, Marvin",CM,USA,2124,,,2008
"Kolmagorov, Alexey",CM,RUS,2124,2090,1989,2001
"Garcia Almaguer, Juan Manuel",CM,MEX,2124,2159,2100,1988
"Teuber, Andreas",CM,GER,2124,2138,,1970
"Ernst, Michael",CM,AUT,2123,2111,,1960
"Parpiev, Isaak",CM,RUS,2123,2221,2205,2009
"Bouzidi, Ahmed",CM,TUN,2123,2166,2105,1986
"Owen, Michael",CM,INA,2123,1948,1943,2002
"Rovira Mas, Jorge",CM,CRC,2122,,,1950
"Arencibia Monduy, Antonio",CM,USA,2122,,,1984
"Kang, Dorian",CM,CAN,2121,2039,1933,2006
"Jogstad, Daniel",CM,SWE,2121,2054,1976,1995
"Jandric, Damjan",CM,SRB,2121,2146,2071,1994
"Soraas, Torben",CM,NOR,2121,2146,2153,1974
Ahmed Hassan Ahmed,CM,SUD,2121,2065,1986,1982
"Vincenti, Leonardo",CM,ITA,2120,2118,2054,2012
"Sitnic, Adnan",CM,BIH,2120,2115,2085,1992
"Abera, Aydagnuhem Gezachew",CM,ETH,2120,2074,2021,1986
"Santryan, Davit",CM,ARM,2120,2130,2128,2002
"Wallner, Alfred",CM,AUT,2120,,,1956
"Stanisz, Patryk",CM,POL,2120,2127,2069,1984
"Tepe, Efe Can",CM,TUR,2119,2050,2050,2000
"Georg, Heinz",CM,GER,2118,,,1957
"Smieszek, Wojciech",CM,POL,2118,2089,1992,1998
"Hoogland, Dirk",CM,NED,2117,,,1958
"Fernandez Garcia, Gumersindo",CM,ESP,2117,2059,2093,2003
"Stanojevic, Ilija",CM,SRB,2117,2144,2080,2001
"Yaniv, Ori",CM,ISR,2117,1968,2057,2002
"Martinez Castillo, Julio Antonio",CM,DOM,2116,2133,2038,1984
"Engman, Rickard",CM,SWE,2116,2221,2154,1968
"Garcia Lemos, Federico",CM,ARG,2116,2176,2141,1972
"Kurbandurdyyev, Shageldi",CM,TKM,2115,1717,1717,2008
"Hoenick, Andreas",CM,GER,2115,2053,2096,1974
"Niraj, Saripalli",CM,IND,2115,1969,2113,1996
"Kaulule Siame, Kela",CM,ZAM,2115,2044,2044,1987
"Van Roosmalen, Sjoerd",CM,NED,2115,,,1977
"Lage, Pedro Ferreira",CM,BRA,2115,1953,2050,1998
"Yazici, Ugur Doga",CM,TUR,2114,2176,2025,2000
"Dimitrijeski, Kristian",CM,GER,2114,,,1977
"Nava Baro, Enrique",CM,ESP,2114,,,1965
"Ulaneo, Ruben",CM,URU,2114,2097,2014,1956
"Meyer, Gordon",CM,AUT,2114,2181,2156,1968
"Munoz, Julian Andres",CM,COL,2113,2047,2073,1983
"Ruperez, Miguel",CM,ARG,2113,2198,2109,1984
"Crispin Ferreras, Darvi Abraham",CM,DOM,2113,2079,2149,1993
"Santana Otero, Orlando",CM,PUR,2112,2140,2025,1960
John Veny Akkarakaran,CM,IND,2112,2026,1999,2008
"Lalic, Peter D",CM,ENG,2112,2080,2170,1994
"Koelsch, Gilbert",CM,FRA,2111,2103,,1966
"Miazhynski, Michael",CM,AUT,2109,2010,2226,2006
"Nameer, Noor. Al-Deen",CM,IRQ,2109,2263,2173,1972
"Brasser, Paul",CM,NED,2109,,,1966
"Gimenez, Ismael",CM,ARG,2109,2162,,1958
"Ibanez, Juan Rodrigo",CM,URU,2109,2092,2101,1993
"Gallego Bergada, Antoni",CM,ESP,2109,2189,2153,1992
"Dzhuguryan, Tygran",CM,POL,2109,1985,2022,1954
"Jodorcovsky Werjivker, Paulo",CM,PAR,2108,2183,2120,1975
"Willmoth, Robert F",CM,ENG,2108,2033,2106,1967
"Matic, Zeljko",CM,CRO,2107,2137,2144,1972
"Triadu Cassa, Jordi",CM,ESP,2107,2159,2006,1993
"Sliwicki, Damian",CM,POL,2107,2046,1992,1997
"Martinez Sandoval, David",CM,CHI,2106,,2158,1991
"Dieyi, Roland",CM,NGR,2106,2134,2107,1982
"Klykow, Lukasz",CM,POL,2106,2030,2061,1978
"Mirete Bernabe, Marco Antonio",CM,ESP,2106,2093,2096,1963
"Mende, Andreas",CM,GER,2106,2072,,1967
"Radu, David Cr.",CM,ROU,2106,1931,1924,2008
"Herbold, Manfred",CM,GER,2105,2013,2052,1966
Vinod Kumar Sharma,CM,IND,2105,2226,2154,1981
"Royset, Pal",CM,NOR,2105,1952,2077,1974
"Delgado Rosas, Alex Antonio",CM,PAN,2105,2065,2094,1996
"Zilleruelo Irizarry, Diego",CM,PUR,2105,2070,2009,1990
"Salgado Lopez, Oscar",CM,ESP,2105,2035,1958,1977
"Gavrilovic, Leonardo",CM,SRB,2104,2205,2204,1967
"Reimann, Robert",CM,GER,2104,2185,,1965
"Mafra, Kaiser Luiz",CM,BRA,2104,2134,2090,1982
"Soderberg, Per",CM,SWE,2103,2088,2187,1957
"Li, William",CM,CAN,2103,2027,2091,2002
"Ang, Ern Jie Anderson",CM,MAS,2103,2074,1941,2010
"Neff, Gregor",CM,AUT,2102,2052,2039,1981
"March Morla, Xavier",CM,ESP,2102,,,1984
"Aranda, Juan Manuel",CM,ARG,2102,2097,2017,1983
"Arruebarrena Rodriguez, Rafael",CM,VEN,2102,2244,,1977
"Hrtko, Vladimir",CM,SVK,2102,2098,1991,1970
"Alvarado Ascanio, Francisco",CM,ESP,2102,2088,2111,1974
"Benes, Petr",CM,CZE,2101,2052,2020,1960
"Rivas Garcia, Victor",CM,ESP,2101,2211,,1977
"Lagopatis, Nikolaos",CM,GRE,2101,2100,1971,1967
"Zhurbinsky, David",CM,USA,2101,,,2004
"ONOKPITE, Kennedy",CM,NGR,2101,2102,2072,1987
"Hartikainen, Jarmo",CM,FIN,2101,,,1963
"Khaled, Yousef",CM,EGY,2100,2086,2074,2007
"Gratz, Glen",CM,USA,2100,,2209,1960
"Maddens, Martijn",CM,BEL,2100,2127,2038,1992
"Grubert, Christian",CM,DEN,2100,,,1976
"Matsuo, Tomohiko",CM,JPN,2099,,,1975
"Arnott, Jonathan W",CM,ENG,2099,2006,2054,1981
Gaurav Rajesh Zagade,CM,IND,2099,1947,2082,2002
"Rebolo Ramirez, Francisco Manuel",CM,ESP,2099,,,1961
"Gajin, Nikola",CM,SRB,2099,2061,2012,1978
"Fernandez De Bobadilla, Gabriel",CM,ESP,2098,2109,2052,1964
"Rodriguez Fernandez, Juan Ramon",CM,ESP,2098,2032,2119,1977
"Burghardt, Jozsef",CM,HUN,2098,2047,2064,1969
"Grot, Blazej",CM,POL,2098,1970,1966,2008
"Abbasi Abeluie, Mohammad Mehdi",CM,IRI,2098,1988,1989,2013
"Zschiedrich, Heiko",CM,GER,2098,1976,,1979
"Luther, Juergen",CM,GER,2098,,,1961
"Lin, Leo",CM,CAN,2097,,1894,2009
"Debevec, Blaz",CM,SLO,2097,2124,2092,1988
"Jankunas, Tomas",CM,LTU,2097,1991,2107,1992
"Montes Orozco, Miguel Angel",CM,MEX,2097,2011,1950,2007
"Mendez Machado, Andre",CM,PAN,2096,2079,1950,2008
"Kaeding, Rainer",CM,GER,2096,,,1959
"Piza Volio, Eduardo",CM,CRC,2095,,,1955
"Lopez Melgar, Enrique",CM,ESP,2095,1989,,1977
"Bestard Borras, Miguel",CM,ESP,2095,2185,2180,1981
Nagare Kaivalya Sandip,CM,IND,2095,2024,2024,2007
"Kanli, Alperen",CM,AZE,2095,2071,1956,2006
"Shreyans, K. Shah",CM,IND,2094,2221,,1991
"Menendez Rey, Francisco Javier",CM,ESP,2094,2032,2065,1957
"Bautista Sanchez, Joan",CM,ESP,2094,2115,2020,1940
"Suslov, Dmitrii",CM,RUS,2094,1988,1933,2008
"Rouast, Joseph",CM,FRA,2093,2113,1964,2005
"Regez, Markus",CM,SUI,2093,,,1974
"Uritsky, Yonathan",CM,ISR,2093,2030,2143,2008
"Chipanga, Chiletso",CM,MAW,2093,2046,2094,1987
"Stavrakakis, Vasilios",CM,GRE,2093,2007,2021,1971
"Puertas Martin, Savins",CM,ESP,2093,,2088,1993
"Chabris, Christopher",CM,USA,2092,,,1966
"Schut, Han",CM,NED,2091,2142,2024,1964
"Barjan Pinedo, Jose Antonio",CM,DOM,2090,,1979,1961
"Kalhorn, Stefan",CM,GER,2090,2092,,1971
"Ahmed, Shafiq",CM,BAN,2090,1986,2069,1976
"Alghamdi, Ahmed M",CM,KSA,2090,2064,2110,1970
"Aspiazu Sibri, Marlon",CM,ECU,2089,2105,1941,2001
"Liang, Yu-Cheng",CM,USA,2089,,,2008
"Alattar, Rakan",CM,JOR,2089,2086,2042,1995
"Cantero, Rodolfo",CM,PAR,2088,2044,1977,1999
"Melaugh, Shane",CM,IRL,2088,1996,2034,2001
"Hansen, Martin Strandby",CM,DEN,2088,,2012,1980
"Castillo Sevilla, Ian Eiffel",CM,NCA,2088,1990,2019,2002
"Darmanin, Jake",CM,MLT,2087,2117,2119,1994
"Menahem, Adi",CM,ISR,2087,1977,1881,2008
"Szmyd, Arkadiusz",CM,POL,2087,2012,2001,1983
"Ziegner, Markus",CM,AUT,2087,2129,2131,1974
"Zoldan, Matteo",CM,ITA,2086,2191,1968,1970
"Lugo Matos, Richards Reynier",CM,DOM,2085,2041,2178,1988
"Taieb, Sahbi",CM,TUN,2085,2116,2094,1987
"Sakline Mostafa, Sajid",CM,BAN,2084,2096,2046,2011
"Mach, Petr",CM,CZE,2084,2017,2077,2005
"Del Valle Cirera, Adria",CM,ESP,2084,1982,2125,1989
"Buendgen, Achim",CM,GER,2083,,,1966
"Quiroga Garza, Juan Manuel",CM,MEX,2083,2056,2081,1994
"Vujacic, Igor",CM,MNE,2083,2067,2157,1981
"Govindasamy, Nashlen",CM,RSA,2083,,,1996
"Provaznik, Michal",CM,CZE,2083,2198,2176,1977
"Kazimov, Farhan",CM,TKM,2082,2028,2028,2000
"Bus, Tom",CM,NED,2082,,,1960
"Woeber, Friedrich",CM,AUT,2082,2101,,1947
"Oosthuizen, Michal Jacobus",CM,RSA,2081,1834,1855,2005
Vaibhav Jayant Raut,CM,IND,2081,2157,2096,2002
"Meier, David Geffrey",CM,GER,2081,,,1964
"Lacan Rus, David",CM,FRA,2081,1777,2023,2012
"Kalajzic, Ivan",CM,CRO,2080,2173,2203,1977
"Lisenkov, Svyatoslav",CM,RUS,2080,2069,2047,2010
"Zerafa, Robert",CM,MLT,2080,2068,2169,1989
"Aryan, Ali Ehsan",CM,IRQ,2079,2130,2038,1998
"James, Geoffrey H",CM,ENG,2079,,,1943
"Wahlund, Max",CM,SWE,2079,2066,2054,1972
"Viskic, Pavisa",CM,CRO,2077,2030,2134,1952
"Vidal del Rio, Manuel",CM,ESP,2077,2001,2019,1982
"Cardenas Carbajal, Nilson",CM,HON,2076,2074,1972,1985
"Uran Bermudez, Oliver Kevin",CM,VEN,2075,2075,2127,1987
"Marson, Juan Miguel",CM,ARG,2074,2013,2095,1995
"Walentukiewicz, Michal",CM,POL,2074,2015,1957,1990
"Zatko, Gregor",CM,SVK,2074,2170,2180,1989
"Petyko, Zoltan",CM,HUN,2074,2209,,1972
"Issani, Nameer",CM,CAN,2074,,,2006
"Loef, Dirk",CM,GER,2074,,,1974
"Vianello, Enrico",CM,ITA,2073,2170,,1978
"Omorere, Benjamin Aruoture",CM,NGR,2072,2046,2139,1976
"Simonovic, Miroslav",CM,SRB,2072,2083,2075,1975
"Willy, Stephen",CM,USA,2072,,2139,2010
"Becker, Stefan",CM,GER,2072,,,1967
"Kobler, Mario",CM,LIE,2072,,,1982
"Temizer, Umut",CM,TUR,2071,1948,1991,2006
"Hernando Garcia, Antonio",CM,ESP,2070,2001,2046,1960
"Parraga, Alejandro",CM,BOL,2070,2198,2105,1985
"Molina Mendoza, Omar",CM,MEX,2070,1995,2011,1999
"Zimmermann, Luc",CM,NED,2069,,,1959
"Gomez Aguirre, Juan Alberto",CM,ESP,2068,2084,1961,2008
"Mendez, Ruddy Antonio",CM,DOM,2068,1999,2143,1986
"Lutuima, Amaro",CM,ANG,2067,2177,2174,2003
"Md.abu, Hanif",CM,BAN,2066,2086,2169,1985
S M Sharon,CM,BAN,2066,2113,1998,1990
"Quiroga Jaquez, Angel Ivan",CM,MEX,2066,2007,2011,2002
"Sun Chin, Robert Patrick",CM,PAN,2065,1968,1972,2001
"Gries, Volker",CM,GER,2064,2107,,1957
"Wenner, Tobias",CM,GER,2064,2085,2115,1959
"Smirnov, Mark",CM,KAZ,2064,2022,2009,2012
"De Jong, Jasper",CM,NED,2064,,,1984
"Arias Serrano, Luis Antonio",CM,VEN,2064,2040,1962,1966
"Munoz Romero, Cristian Camilo",CM,COL,2064,2063,1995,1997
"Zallio, Luciano de Souza",CM,BRA,2063,2135,2016,1982
"Szyszylo, Rafal",CM,POL,2063,1952,1951,1971
"Van Twillert, Laurents",CM,NED,2062,,2000,1985
"Ribera Baztan, Jose",CM,AND,2062,2043,1951,1972
"Walton, Alan J",CM,ENG,2062,2063,2165,1975
"Sanchez Criado, Lluis",CM,ESP,2062,2045,2018,1968
"Luke Brezmes, Cristofer",CM,AND,2061,2126,2067,1986
"Steiner, Bruno",CM,AUT,2061,2192,2101,1964
"Casalaspro, Mathias Andre",CM,BRA,2060,1938,2077,2012
"Mueller, Markus",CM,GER,2060,2111,1975,1972
"Fernandez Madrid, Carlos",CM,ESP,2060,2071,2082,1971
"Ogada-Osir, Ibrahim",CM,AUS,2059,,,1981
"Strasil, Pavel",CM,CZE,2059,2017,1998,1970
"Deveci, Huseyin Said",CM,TUR,2059,1954,1954,2009
"Illetsko, Jaroslav",CM,CZE,2059,2111,,1942
"Riline, Alejandro",CM,PAR,2059,2158,2084,1973
"Chaves Sanchez, Gabriel A",CM,CRC,2059,2111,2046,1995
"Ograbek, Grzegorz",CM,POL,2058,2022,,1962
"Dargan, Paul A G",CM,ENG,2058,2166,2042,1969
"Lock, Gavin R",CM,ENG,2058,2153,2104,1977
"Nunez Lucero, Francisco",CM,ESP,2058,2154,2092,1971
"Kuzmanovic, Slobodan",CM,SRB,2057,2170,2113,1971
"Laine, Panu",CM,FIN,2057,2106,2111,1964
"Buyuk, Eymen Eren",CM,TUR,2056,1568,1723,2011
"Obuca, Bajro",CM,BIH,2056,2025,2130,1966
"Simmons, Matthew",CM,JCI,2056,,,1970
"Schoen, Ralf, Dr.",CM,GER,2055,2065,,1960
"Van de Lagemaat, Arend",CM,NED,2055,2003,1917,1994
"Escudero Donoso, Felipe",CM,CHI,2055,2094,2135,1991
"Andreassen, Pal Morten",CM,NOR,2054,2060,1906,1974
Vedant Nitin vekhande,CM,IND,2054,1934,2053,2008
"Deepak, Katiyar",CM,IND,2054,2088,2069,1992
"Engin, Onur Cinar",CM,TUR,2054,,1961,2006
"Headlong, Timothy",CM,ENG,2054,2013,2031,1959
"Miranda Ponce, Alvaro",CM,MEX,2053,2210,2184,1957
"Parkkinen, Jyrki",CM,FIN,2053,1961,,1968
"Kochiev, Ivan",CM,BUL,2053,2078,2285,2002
"Allam, Mohamed",CM,PLE,2053,2049,1884,2001
"Nakahara, Kan",CM,JPN,2052,1995,1995,2005
"Cambando, Jose",CM,ANG,2051,2095,2140,1978
"Toelly, Michael",CM,AUT,2050,1993,2090,2000
"Sosa, Nestor Rodolfo",CM,PAN,2050,,2095,1961
"Dunn, Andrew",CM,ENG,2050,2196,,1967
"Schoonmaker, Nicholas",CM,USA,2050,,,1962
"Ozturk, Efe Hakan",CM,TUR,2050,2050,2027,2006
"Khumalo, Keith",CM,RSA,2049,1978,2093,2001
"Herrera Ortega, German Alejandro",CM,VEN,2049,2029,2043,1977
"Tippleston, Charles E",CM,ENG,2049,1946,1959,1967
"Sanz Losada, Victoriano",CM,ESP,2049,1926,1998,1974
"Pereira, Fabian",CM,PAR,2049,,2006,1995
"Gavric, Zivojin",CM,SRB,2048,2066,2144,1975
"Feliz Dotel, Dewar Bienvenido",CM,DOM,2048,2013,2069,1986
"Prieb, Robert",CM,GER,2048,1936,2035,2007
"Nguyen, Huynh Minh Thien",CM,VIE,2048,1990,1908,2004
"Hansch, Torsten",CM,GER,2047,2047,1940,1964
"Blanco Gramajo, Cesar Augusto",CM,GUA,2047,,,1959
"Amini, Habibullah",CM,AFG,2047,2024,2034,1981
"Rich, Mark C",CM,ENG,2046,,,1968
"Fortanelli Rios, Juan Manuel",CM,MEX,2046,1929,1932,2000
"Lu, Yiding",CM,USA,2046,,,2011
"Vistisen, Lars",CM,DEN,2046,2087,,1966
"Theulings, Paul-Peter",CM,NED,2045,2046,2092,1963
"Rath, Alina",CM,GER,2045,2048,2006,1988
"Maierhofer, Johann",CM,AUT,2044,2062,2033,1959
"Menac Comas, Joan Ramon",CM,ESP,2044,1950,2012,1961
"Mombiela Martinez, Gonzalo",CM,ESP,2044,,2052,1981
"Molvig, Henrik",CM,DEN,2044,2084,2008,1967
"Borodavkin, Anatoly",CM,UKR,2044,2010,1966,1987
"Kondakov, Adrian",CM,USA,2043,1988,1991,2007
"Chia, Yu Zhe Ashton",CM,SGP,2043,1765,1880,2008
"Hamandi, Mohammed Nawfel Karim",CM,IRQ,2043,2038,2186,1985
"Turincio Garcia, Sergio",CM,MEX,2043,2072,2120,1990
"Mizzi, Jack",CM,MLT,2043,1988,2127,2006
"Herrmann, Roman",CM,ARG,2042,2057,1974,1995
"Prasad, Lalit",CM,AUS,2042,1996,1915,1997
"Roman, Rodrigo",CM,PAR,2041,2094,1995,1994
"Collett, Peter",CM,SWE,2041,2115,2074,1965
Karthik Sai Ch,CM,IND,2041,1860,2003,2005
"Rains, Edward",CM,NZL,2041,1927,1933,1994
"Jorge, Alberto",CM,DOM,2040,2041,2012,1985
"Fernandez, Juan Pablo",CM,SWE,2040,2026,1995,1980
"Petersson, Kjell",CM,SWE,2040,1969,1994,1965
Barath Kalyan M,CM,IND,2040,1904,1951,2000
"Gamback, Bjorn",CM,SWE,2040,2038,1933,1964
"Jodorcovsky, Alejandro David",CM,PAR,2040,1699,2039,2007
"Gaealafshwe, Barileng",CM,BOT,2040,2110,2182,1982
"Ererdem, Gani Eren",CM,TUR,2040,2075,2083,1996
"Rowe, Duane",CM,JAM,2039,1995,2127,1978
"Lugo Roldan, Jean P.",CM,PUR,2039,1945,1945,1997
"Fernandez-Diaz Mascort, Miguel",CM,ESP,2039,1995,1970,1958
"Chavez, Brayan Steven",CM,COL,2038,2103,2067,2006
"Bureik, Matthias, Dr.",CM,GER,2038,,,1967
"Gondwe, Kondwani Maxwell",CM,ZAM,2037,2095,2075,1989
"Novak, Ratko",CM,CRO,2037,2096,2107,1975
"Mariano, Marceley Martins",CM,BRA,2037,1976,1992,1976
"Colls Gelaberto, Emili",CM,ESP,2037,2032,2017,1960
"Lahlum, Hans Olav",CM,NOR,2037,2020,,1973
"Thurlow, Kevin J",CM,ENG,2036,2007,1989,1953
"Low, Kevin",CM,CAN,2036,2127,2009,2005
Egesa emmanuel,CM,UGA,2035,1974,2055,1996
"Curriah, Malik",CM,JAM,2035,1933,1933,1999
"Spichkin, Alexander",CM,RUS,2035,2066,1968,1977
"Csikos, Mihaly",CM,HUN,2034,1937,1914,1960
"Wang, Ruicheng",CM,AUS,2034,1769,1791,2005
"Vega Viejo, Marcelino",CM,ESP,2034,2129,2132,1969
"Lebedev, Artem S.",CM,RUS,2033,2021,1952,2011
"Schnicke, Robert",CM,GER,2033,2098,2055,1955
"Lye, Sverre",CM,NOR,2033,2001,2058,2007
"Arias, Pablo",CM,BOL,2033,,1939,1995
"Atkinson, Paul",CM,WLS,2032,,2141,1972
"Plumanns, Dieter",CM,BEL,2032,2012,2048,1952
"Siban, Michael",CM,SUR,2032,2008,2034,1977
"Neretljak, Nedzad",CM,SWE,2032,2085,2103,1969
"Yang, Jingyun (ryan)",CM,CAN,2032,,1869,2009
"Sentissi, Yassine",CM,MAR,2031,1967,1938,1998
"Gordon, David",CM,CAN,2031,,,1973
"Jimenez Alvarado, Jimmy Joseph",CM,COL,2031,1871,2069,2005
"Gulden, Egemen",CM,TUR,2031,2083,1973,2000
"Wenzel, Birger",CM,GER,2031,2060,1853,1989
"Stellas, Dimitrios",CM,NOR,2030,2011,1999,1985
"Dimba, James",CM,ZAM,2030,2009,2068,1987
"Md. Shawket Bin, Osman Shaon",CM,BAN,2030,1984,2036,1995
"Manan, Yoboue Hermann",CM,CIV,2030,1990,1930,1977
"Mejias Nunez, Rafael E.",CM,PUR,2029,1920,1900,2001
"Lopez Perdomo, Juan David",CM,COL,2029,2009,1965,1984
"Ortega Valle, Jose Ramon",CM,ESP,2029,1983,2028,1974
"Borda, Cesar",CM,BOL,2028,,1981,1998
"Perera, W C C",CM,SRI,2028,,1988,1994
"Zografos, Achilleas",CM,GRE,2027,2062,2099,1967
"Kriz, Lubos",CM,CZE,2027,2070,,1967
"Szekeres, Tibor",CM,HUN,2027,,2131,1952
"Ghosh, Chanchal Kumer",CM,BAN,2026,2003,2067,1977
"Guo, Ethan",CM,USA,2026,1869,1958,2013
"Haddad , Oussama",CM,ALG,2025,2036,,1993
"Grados, Luis",CM,PER,2025,2042,1720,1962
"Muratet Casadevall, Albert",CM,ESP,2025,1922,2058,1965
"Bermudes, Eduardo",CM,COL,2025,2044,2108,1957
"Blauhut, Holger",CM,NOR,2024,1952,1957,1969
"Sahin, Sarp",CM,TUR,2024,,1775,2013
"Univio Sanchez, German",CM,COL,2024,2006,1961,1990
"Butolo, Alexandru-Mircea",CM,ROU,2024,1942,1806,2009
"Diaz Montes, Edwin",CM,PUR,2024,1965,1964,1989
"Al-Ghasra, Ali",CM,BRN,2023,1966,1914,1986
"Krueger, Wolfgang",CM,GER,2023,,2129,1958
"Boulos, Carlos",CM,LBN,2022,2134,2007,2004
"Restuccia, Francisco",CM,ARG,2022,2129,2021,1970
"Md, Azmaeen Parvez Sayor",CM,BAN,2022,1959,1868,2007
"Kirszenberg, Marc",CM,FRA,2022,2029,2042,1964
"Freyre Forest, Jorge",CM,PUR,2022,1986,,1956
"Grgantov, Marin",CM,CRO,2022,2041,2181,2007
"Mwale, George",CM,MAW,2021,2042,,1993
"Fernandez Sibaja, Felipe Josue",CM,CRC,2021,2093,1958,1991
"Ikramul, Haq Siam",CM,BAN,2021,2133,2099,1997
"Rubio Tapia, Jose Juan",CM,ESP,2020,2071,2006,1964
"Goater, Kevin P",CM,ENG,2020,2110,2125,1965
"Jiang, Brandon",CM,USA,2020,,,2007
"Osuna Vega, Enrique",CM,ESP,2019,2111,,1966
"De Blecourt, Sandra",CM WFM,DEN,2019,,,1978
Nay Lin Tun,CM,MYA,2019,2074,2075,2003
"Floresvillar Gonzalez, Luis Migu",CM,MEX,2019,1967,2040,1956
"Leakovic, Ivica",CM,CRO,2019,2209,2115,1969
"Llari, Marc",CM,FRA,2017,1949,1996,2014
"Schmitz, Andreas Arnold",CM,GER,2017,,,1964
"Lima, Endson Dos Santos",CM,BRA,2016,2165,1955,1985
"Popovic, Dobrivoj",CM,SRB,2015,2066,2020,1962
"Dotta, Gian Franco",CM,URU,2015,,1901,1999
"Brown, Akeem",CM,JAM,2015,1931,1938,2001
"Vargas, Jose Robinson",CM,COL,2014,2052,1978,1985
"Alvarado Zamora, Albert",CM,PER,2014,2077,2143,2005
"Korkmaz, Necmettin",CM,TUR,2013,2069,2044,1979
"Sakulski, Bernard",CM,ESP,2013,1856,1916,1961
"Md. Masum, Hossain",CM,BAN,2013,2023,2051,1989
"Iunusov, Nuriddin",CM,KGZ,2012,1878,1771,2008
"EDUNWALE, Hakeem Olajide King",CM,NGR,2011,2079,2071,1971
"Lama, Milan",CM,NEP,2010,1992,1955,2001
"Al Thebaiti, Ahmed M",CM,KSA,2010,1895,1929,1992
"Yonal, Timur",CM,TUR,2009,1854,1862,2010
"Stoenescu, Radu",CM,FRA,2009,2023,2057,1979
"Sadnan Hasan, Dihan",CM,BAN,2009,2042,1974,2004
"Smietanska, Wiktoria",CM,POL,2009,1870,1925,2010
"Murcia Paredes, Angel",CM,ESP,2009,2136,,1967
"Abaeji, Sinan Younus Abdulrazzaq",CM,IRQ,2009,2079,2091,1971
"Alvarez Navarro, Martin",CM,MEX,2008,,,1993
"Tang, Hao",CM,NZL,2008,1787,1805,1984
"Abrantes, Persson",CM,MOZ,2008,1993,2005,1990
"Bouah, Lyndon",CM,RSA,2007,2147,2088,1973
"Gonzalez, Francisco Silva",CM,NOR,2007,2104,2089,1979
"Mahmood Shah, Mukhriez Shah",CM,MAS,2007,1734,1805,2005
"Vazquez Espino, Uriel",CM,MEX,2006,1931,,1995
"Martine, Jean-Christophe",CM,FRA,2006,1942,2077,1967
"Mikhnenko, Alexander",CM,RUS,2006,2027,2089,2001
"Verfuerth, Thomas",CM,GER,2006,,1995,1968
"Buganca, Luiz Henrique Da Silva",CM,BRA,2005,2131,1977,2006
"Nguyen, Manh Duc",CM,VIE,2005,1588,1752,2011
"Botea, David-Alexandru",CM,ROU,2005,1891,1948,2008
"Farias, Sergio Roberto Alves",CM,BRA,2004,,,1965
"Niu, Qiming",CM,AUS,2004,,,2009
"Md, Sariatullah",CM,BAN,2004,2000,1990,1993
"Lai, Hong Jun",CM,MAS,2004,1560,1539,2009
"Zafirakos, Jesse",CM,AUS,2004,1865,2085,2005
"Daneri, Martin",CM,ARG,2004,2080,1927,1962
"Ismael, Namir Mohammed Ismael",CM,IRQ,2003,2092,2194,1971
"Mohammed Qanee, Arpak Worya",CM,CAN,2002,2205,2175,1968
"Saridag, Omer Melih",CM,TUR,2002,,1792,2007
"Hemam, Moulaye Brahim",CM,MTN,2002,2044,2075,1973
"Rodriguez Lopez, Andres Camilo",CM,COL,2002,1867,1880,1992
"Arias Bouzada, Jorge",CM,URU,2000,2061,1990,1975
"Md.abzid, Rahman",CM,BAN,2000,2082,1982,1987
"Chen, Alex",CM,USA,1999,,2054,2004
"EL Mahmoud, AbdulAziz",CM,LBN,1999,1965,2072,1972
"Todev, Simeon",CM,BUL,1999,2107,2028,2008
"Strovskiy, Mikhail",CM,TOG,1998,1939,1881,1986
"Adasme Fredes, Mauricio",CM,CHI,1998,2062,1979,1986
"Bratosevic, Mladen",CM,CRO,1998,2098,1946,1959
"Wael Sabry, Mina",CM,EGY,1998,1844,1861,2010
Dhruv Khosla,CM,IND,1997,1911,1854,2008
"Eberth, Zoltan Bela",CM,HUN,1997,2039,2057,1969
"Charles, Gareth",CM,AUS,1997,1990,1996,1983
"Werbeck, Torsten",CM,GER,1997,2094,2169,1964
"Zerafa, Patrick",CM,MLT,1997,2085,2009,1988
"Slavkov, Ivan",CM,FRA,1997,,,1973
"Hamre, Kenneth",CM,NOR,1996,2026,1920,1990
"Neira Rodriguez, Carlos Fernando",CM,PAN,1996,1932,2005,1987
"Hu, Yifei",CM,AUS,1994,1810,1992,2012
"Lipp, Alfred",CM,AUT,1994,2178,,1961
"Garabano, Gonzalo",CM,ARG,1993,2044,2049,1984
"Qian, Bobby",CM,USA,1992,,,2011
"Fiori, Hector",CM,ARG,1992,2130,2077,1982
"Hanoeman, Suradj",CM,SUR,1992,1983,1923,1987
"Saha, Ananda",CM,CAN,1992,,,2000
"Magana, Ben",CM,KEN,1991,2038,2129,1977
"Perez Salazar, Armando",CM,ESA,1991,,1819,2005
"Del Valle Domenech, Rafael",CM,ESP,1991,1965,2034,1966
"Toro Castaneda, Elizabeth",CM,COL,1991,1894,1992,2000
"Castor, David",CM,AUS,1991,,2026,1982
"Bulgurlu, Okan",CM,TUR,1989,,,1998
"Butti, Enrique",CM,PAR,1989,2017,2080,1971
"Oppitz, Peter",CM,GER,1988,,,1962
"Li, Hui",CM,MAC,1988,2015,1966,1993
"Kende, Gyorgy Dr.",CM,HUN,1986,,2072,1949
"Filipovic, Miroslav",CM,CRO,1986,1967,2154,1968
"Llopis de Aysa, Manuel",CM,ESP,1986,1933,2074,1961
"Pastor Carvajal, Jeigoth",CM,CRC,1985,1873,1809,2004
"Khalifah, Khaled",CM,UAE,1985,1894,1875,2006
"Casagua, Misael",CM,COL,1985,2031,2000,1993
"Golubovic, Erik",CM,CRO,1984,1803,1828,2012
"Eichab, Charles",CM,NAM,1984,2016,2054,1979
"Md. Sajidul, Haque",CM,BAN,1983,1965,2046,2009
"Adu-Poku, Kwabena",CM,GHA,1982,1838,1867,1996
Vivaan Vijay Saraogi,CM,IND,1982,1520,1574,2011
"Izuzquiza Gonzalez, Javier",CM,PUR,1981,2028,2034,1989
"Archer, Ollie",CM,NZL,1981,1926,1872,2007
"Chavez, Hector Eduardo",CM,ESA,1981,,2141,1980
"Chowdhury, Sohel",CM,BAN,1981,2098,2052,1972
"Torres, Jorge Emilio",CM,COL,1981,1869,2013,1988
"Dovbnia, Nikita",CM,RUS,1980,2191,2211,2008
"Bhandari, Krish",CM,USA,1980,1825,1959,2007
"Hinds, Nathan",CM,JAM,1980,1893,1928,1994
"Mathews Romero, Cesar",CM,PAN,1979,2072,1993,1984
"Dalgar, Hakki Berat",CM,TUR,1979,,2134,2001
"Karaahmetoglu, Ege",CM,TUR,1979,1887,1960,2003
"Ardila, Oscar Humberto",CM,COL,1979,1974,1918,1983
"Andrade Truyol, Geiner Jose",CM,COL,1978,2012,2009,1989
"Santillan, Leandro",CM,ARG,1978,2155,1989,1998
"Saric, Vladimir",CM,SRB,1978,1943,1953,1951
"Musasizi, Emmanuel",CM,UGA,1978,2097,2053,1999
"Silvio, Famorosa F",CM,ANG,1977,1989,1916,1995
"Valero Perez, Francisco J.",CM,ESP,1977,,,1966
"Taylor Rodriguez, Juan Jos",CM,MEX,1977,1808,1828,2005
"Kirby, Peter J.",CM,GCI,1976,1981,,1963
"Miswadah, Baha",CM,PLE,1976,1902,1891,1981
"Vasquez Garrido, Nuremberg",CM,COL,1976,1987,2062,1982
"Torres Dominguez, David",CM,ESP,1976,1973,1956,1972
"Gonzalez Mojica, Renan Arturo",CM,COL,1975,1887,1793,2003
"Sloan, Jed",CM,USA,1973,,1850,2008
"Julio, Joao Manuel dos Santos",CM,ANG,1973,1993,2001,1973
"Ramirez Gonzalez, Angel David",CM,VEN,1973,1858,1858,2004
"Pichuaga, Juan Pablo",CM,URU,1973,2027,2037,1967
"Silva Hernandez, Jesus Arturo",CM,MEX,1972,1955,1946,1995
"Juhasz, Mark",CM,HUN,1972,2148,,1978
"Leong, Benjamin",CM,AUS,1972,1806,1806,2008
Jaivardhan Raj,CM,IND,1969,1708,1874,2011
"Boggiano Pereira, Miguel A.",CM,PUR,1969,1986,2025,1999
"Rosen, Daniel B",CM,ENG,1969,,,1964
"Namale, Ben Nguku",CM,KEN,1967,1953,1886,1981
"Al Mashikhi, Mohammed Alyan",CM,OMA,1967,1930,1947,1990
"Perkins, Joaquin",CM,USA,1967,,,2004
"Bukreyev, Andriy",CM,AUS,1967,,,1975
Md. Jamal Uddin,CM,BAN,1966,2014,1997,1982
"Bellincampi, Stefano",CM,ITA,1966,1923,,1966
"Hinteregger, Arthur",CM,AUT,1966,,,1958
"Ooi, Jayden",CM,AUS,1965,1744,1849,2010
"Pinales Roussel, Gabriel",CM,PUR,1964,1897,2027,1998
"Huang, Alex",CM,NZL,1964,1976,2029,1994
"Suasnabar, Jesus",CM,PER,1963,1937,2002,1978
"Kanz, Ahmad Safy",CM,AFG,1961,1882,2040,1997
"Kelly, Adam",CM,AUS,1960,,1929,1996
"Bozinovic, Boban",CM,AUT,1960,1838,1974,1964
"Sanches, Casanova Romario",CM,SUR,1959,1925,1914,1990
"Plane, Boris",CM,FRA,1959,1911,,1977
"Ning, Isabelle Yixuan",CM WCM,NZL,1958,1691,1878,2009
"Bolanos Lopez, Juan Jacobo",CM,COL,1958,1951,1688,2008
"Carrabeo Garcia, Manuel",CM,ESP,1958,2085,,1976
"Dong, Kyle Qiyu",CM,USA,1957,1975,1821,2013
"Chimthere, Alfred Charles",CM,MAW,1956,2010,,1981
"Vella, Duncan",CM,MLT,1955,2019,1840,1971
"Hossain, Monir",CM,BAN,1954,2069,2170,1974
"Kranewitter, Norbert",CM,AUT,1953,1975,1902,1964
"Guller, Andras",CM,LIE,1952,,1955,1948
"Del Rosario Batista, Nobel Oscar",CM,DOM,1952,,2020,1980
"Hernandez, Juan Carlos",CM,HON,1952,1924,1919,1984
"Milligan, Helen",CM WFM,NZL,1952,1916,1914,1962
"Salasan, Haran",CM,AUS,1952,,,2002
"Mosutha, Thuso",CM,BOT,1951,1949,2028,1994
"Malikov, Farid",CM,AZE,1951,1982,2052,2004
"Heinichen R., John Derek",CM,PAR,1951,1971,1907,1993
"Ahmed Holi Ali, Moawia",CM,SUD,1951,2031,1989,1980
"Gori, Andrea",CM,ITA,1950,1865,1947,1956
"Xu, Gordon",CM,USA,1950,,1606,2010
"Mapini, Otsile",CM,BOT,1949,1882,1934,1995
"Camino Carrio, Nicanor",CM,ESP,1948,1948,1907,1968
"Trakru, Rohun",CM,USA,1948,,1852,2006
"Tofan, Ibrahim",CM,TUR,1948,2034,2155,1967
"Ahmed, Mahtabuddin",CM,BAN,1947,2002,2023,1987
"Tisma, Ivan",CM,SRB,1947,2051,2135,1977
"Moulay, Mehdi",CM,ALG,1947,2006,2009,1985
"Jose Iraeta, Alejandro",CM,ESP,1947,1875,1806,1967
"Sulaiman, Ahmad Ashrafi",CM,AFG,1947,1884,1850,1988
"Prudente, Elmer",CM,GUM,1947,1942,1980,1965
"Niraula, Bhupendra",CM,NEP,1946,2009,1890,1981
"Savva, Panikos",CM,CYP,1946,2002,1973,1963
"Kobla, Vishal",CM,USA,1946,2003,1972,2001
"Castillo Rosa, Kelvin Santiago",CM,DOM,1945,2009,1983,1968
"Solomon, Maxwell",CM,RSA,1945,2059,1990,1967
Mrithyunjay Mahadevan,CM,IND,1944,1722,1626,2008
"Taleb Mohamed, Ahmed",CM,MTN,1944,2018,1891,1973
"Anthony Waylea, Jr.",CM,LBR,1944,2030,1908,1988
"Thapa, Krishna",CM,NEP,1944,1945,1974,1975
"Petras, Milan",CM,CZE,1944,1888,2001,1959
"Garmendia Vega, Gabriel",CM,CHI,1943,1945,1982,1995
"Elobeid, Asim Ali",CM,SUD,1943,2023,2053,1977
"Leon Acevedo, Juan Alejandro",CM,COL,1943,1819,1710,2007
"Elnasri, Mohammed",CM,SUD,1942,1876,1921,1979
"Augoustis Funti, Alexis",CM,URU,1941,1934,1944,1993
Sankalan Shah,CM,IND,1941,2118,2118,2008
Toumi Mohamed-Jad,CM,MAR,1941,1838,1860,2006
"Hiramine, Rodrigo Yoshio Ferreira",CM,BRA,1941,1965,1965,1992
"Kavinda, Akila",CM,SRI,1941,1965,2043,1992
"Van Lommel, Patrick",CM,NED,1940,,,1965
"Valtiner, Adamo",CM,AUT,1938,1973,2008,2003
"Lee, Lachlan",CM,AUS,1938,1671,1791,2008
"Pang, Yui Kuen",CM,HKG,1937,1903,1939,1989
"Hebbar, Eshaan",CM,USA,1937,,,2011
Mohamed Saeed Laily,CM,UAE,1937,1925,1781,2005
"Moscoso Silva, Carlos Antonio",CM,DOM,1935,2003,1934,1960
"Falcon Perez, Gustavo",CM,MEX,1935,2003,2090,1959
"Da Paz, Leonardo Gadelha",CM,BRA,1934,1934,,1973
"Rowe, Peter",CM,GCI,1933,,1942,1953
"MacElligott, Gerard",CM,IRL,1932,1928,1945,1956
"Le, Nguyen Khoi Nguyen",CM,VIE,1931,1829,1829,2000
"Bustelo, Tabare",CM,URU,1931,1972,1912,1963
"Cadavid, Juan Miguel",CM,COL,1931,1875,1881,1998
Abbas Hussein kzar,CM,IRQ,1931,2008,1927,1997
"James, Stuart",CM,JAM,1930,,1950,1993
"Insua Mellado, Jose Luis",CM,ESP,1930,2028,2050,1965
"Parsonage, Ian P",CM,AUS,1929,2043,1926,1953
"Hernandez Pinzon, Helvert",CM,COL,1928,1944,1777,1974
"Mazibuko, Khanya",CM,RSA,1928,1850,1930,2001
"Atabor, Job",CM,NGR,1928,1893,1969,1988
"Perez Polanco, Lewis Omar",CM,DOM,1924,,1863,1971
"Reuben, Stewart",CM,ENG,1923,,2043,1939
Zaid Alaa Chaseb,CM,IRQ,1922,1844,1774,2005
"Schellmann, Frank",CM,GER,1922,,,1971
"Tobar B, Jorge Esteban",CM,COL,1922,1901,1963,2003
"Veron, Cyprien",CM,FRA,1922,1786,2032,1969
"Avik, Sarker",CM,BAN,1921,1911,1915,1996
"Zgadzaj, Rafal",CM,POL,1920,1906,1897,1982
"Hashem, Khaled",CM,KUW,1920,1883,1925,1986
"Viscaino Yanez, Jhonny Cesar",CM,ECU,1920,1715,1697,2003
"Kumar, Manoj",CM,FIJ,1920,1823,1938,1977
"Flis, Pawel",CM,POL,1920,1757,1822,1962
"Hernandez Luna, Jose Angel",CM,MEX,1916,1910,1973,2002
"Muzzi, Eduardo",CM,URU,1916,1954,1907,1981
"Vasquez, Marlon David",CM,ESA,1915,2003,1950,1958
"Lopez Ramirez, Jorge Hernan",CM,COL,1915,1803,1801,1960
"Li, Tedric",CM,AUS,1915,1934,1833,2010
"Nathanail, Emanouel",CM,GRE,1914,1865,1823,1959
"Krupa, Krzysztof",CM,POL,1914,1729,,1955
"Berglund, Jan S.",CM,NOR,1914,1830,1733,1959
"Chrz, Pavel",CM,CZE,1914,1881,1899,1967
"Nissinen, Niilo Man",CM,HKG,1914,1901,1854,2006
"Mosenya, Ndawana",CM,BOT,1912,1966,1923,1974
"Zoar Haque, Prodhan",CM,BAN,1911,1975,1987,1995
"Stark, John",CM,NZL,1911,1967,2032,1987
"Gopal, K.N.",CM,IND,1910,2041,2027,1971
"Hyldkrog, Lars",CM,DEN,1909,,,1949
"Cilia Vincenti, David",CM,MLT,1908,,,1977
"Soares, Renan Barbosa Monteiro",CM,BRA,1908,2099,1863,1972
"Handjaba, Mclean",CM,NAM,1907,1847,1861,1991
"Goosen, Anton",CM,RSA,1907,1949,,1961
"Sammut Briffa, Peter",CM,MLT,1906,1964,1903,1964
"Lacmanovic, Stipe",CM,CRO,1904,1930,1984,1949
"Lopez Rueda, Juan Pablo",CM,MEX,1904,,,1987
"Castillo Castelan, Miguel Angel",CM,MEX,1903,1983,1958,1957
"Mellace, Andrew",CM,JAM,1903,2006,1894,1977
"Winkels, Marcel",CM,NED,1902,1982,1900,1964
"Solis L., Efren A.",CM,CRC,1902,1986,1833,1967
Mohammed Ali MahdiAl-Kinani,CM,IRQ,1902,2021,1886,1965
"Khodabandeh, Milad",CM,IRI,1899,1845,1847,1995
"Hartley, James",CM,AUS,1899,1673,1637,2006
"O`Carroll, Jeremy",CM,AUS,1897,,,1974
"Da Costa, Loyson Rodrigues",CM,BRA,1897,1967,1922,1982
"Cruz Castaneda, Luis",CM,MEX,1896,2009,1916,1978
"Harding, Tim D",CM,IRL,1896,1870,1855,1948
"Tobar B, Carlos Andres",CM,COL,1896,1759,1930,2004
"Stead, Kerry",CM,AUS,1895,1988,1997,1977
"De Dios Suarez, Diego Anastacio",CM,MEX,1894,1806,1806,2002
"Al Mutairi, Hassan S",CM,KSA,1893,1897,2012,1985
"Sharshenbekov, Emir",CM,KGZ,1893,1859,1826,2010
"Hughes, Anthony",CM,WLS,1893,1776,1837,1957
"Shrestha, Keshav",CM,NEP,1892,2020,2017,1972
"Navarro Ariza, Justin Jeshua",CM,PER,1891,1828,1782,2004
"Arias, William Alfredo",CM,DOM,1891,,1866,1968
"Moussa, Alaa-Eddine",CM,PLE,1891,,,1968
"Orpinas Konig, Claudio Javier",CM,CHI,1889,1981,,1950
"Nakapunda, Otto",CM,NAM,1889,,,1975
"Nyimbili, Dalington",CM,ZAM,1889,2062,2012,1996
"Popov, Roman",CM,CZE,1889,1751,1852,2010
"Kizza, Faruk Fauza Karim",CM,UGA,1888,1976,2007,1987
"Tan, Jun Hao",CM,SGP,1887,1858,1829,2001
Mulenga Chileshe Rapheal,CM,ZAM,1887,1900,,1999
"Hiriart, Guillermo",CM,URU,1884,1865,1863,1972
"Ferrufino, Boris",CM,BOL,1884,2064,2029,1972
"Oquendo Jimenez, Abel",CM,PAN,1884,1960,1874,1977
"Mogirzan, Matei-Valeriu",CM,ROU,1883,1802,1733,2008
"Vargas Pereda, Jesus Manue",CM,MEX,1883,2069,1897,1990
"GEORGE, Lolomari Erekosima",CM,NGR,1883,2036,1956,1975
"de Jager, Andreas",CM,RSA,1883,,,2004
"Buitrago, Juan Carlos",CM,COL,1882,1927,,1965
"Serrano Marhuenda, Salvador",CM,ESP,1882,,1943,1955
"Molina Sumoza, Jesus Alberto",CM,VEN,1882,2050,2092,1990
"OYAMA, Ekok Oyama",CM,NGR,1882,1874,1847,1986
"Pacheco, Julio",CM,ESA,1882,,1948,1959
"Amrane, Abdellah",CM,ALG,1881,1829,1748,2007
"Agudelo Pineres, Oscar Marino",CM,COL,1881,1978,1962,1976
"Solano Cruz, Agustin",CM,CRC,1880,1780,1785,1965
"Lamotte Tavares, Patrick",CM,MEX,1879,1984,1905,1996
"Duran Rodriguez, Moises",CM,ESP,1877,1881,,1981
"Santana Martin, Juan",CM,ESP,1876,2060,2120,1968
"Zhang, Kendrick Botong",CM,NZL,1876,1798,1822,2009
"Doluweera, Dinul Thisura",CM,SRI,1875,1762,1762,1996
"Fikh, Anthony",CM,AUS,1874,1826,1935,2003
"Pinero, Ismael",CM,URU,1874,,1911,1958
"Ghebrehiwet , Haftom Ghebremedhn",CM,ETH,1874,1894,1872,1982
"Sindarov, Islombek",CM,UZB,1872,1768,1944,2007
"Sanchez Quintero, Raul",CM,CUB,1871,1802,1889,1949
"Maharjan, Sajin",CM,NEP,1870,1950,1963,1990
"Mahdia, Farage",CM,LBA,1868,1884,1988,1958
"Simon Sanchez, Rafael",CM,ESP,1868,,1883,1953
"De Andrade, Dalson Holanda Caval",CM,BRA,1866,2036,1936,1985
"Chaulagain, Purushottam",CM,NEP,1866,1893,1825,1985
"Hain, Anthony",CM,AUS,1866,1902,1858,1991
"Li, Jerry",CM,USA,1866,,,2005
"Slater-Jones, Henry",CM,AUS,1866,1931,1847,2002
"Willenberg, Kenneth Sean",CM,RSA,1865,1932,1922,1984
"Mafnas, Peter",CM,GUM,1861,1839,2030,1959
"Medvedev, Matvey",CM,RUS,1861,2062,2123,2008
"Palmer, Reegan",CM,RSA,1860,1901,1814,2007
"Ahmed, Qutayba Yunis",CM,IRQ,1855,1789,1841,2000
"Mensah, Joseph Jamena",CM,GHA,1855,1875,1868,1992
"Senthilkumar, Pranav",CM,USA,1854,,1860,2002
"Dowden, R.A. Tony",CM,NZL,1854,2113,2103,1960
"Skiadopoulos, Nikolaos",CM,GRE,1854,1800,2022,1954
"Dahanayake, Isara Banidu",CM,SRI,1853,1655,1716,2005
"Genov, Valentin",CM,BUL,1852,1661,1661,2006
"Gutierrez,Enrique Alberto Soto",CM,BRA,1848,1838,,1961
"Yasin, Hur",CM,TUR,1848,2001,1962,1956
"Nagorski, Alex",CM,NZL,1848,1763,1768,1976
"Vu, Hoang Gia Bao",CM,VIE,1847,1827,1842,2006
"Brooks, Paul",CM,JAM,1847,1920,1854,1989
"Karoly, Carlos Acacio Gomes",CM,BRA,1846,1902,,1962
"Buker, Muhittin",CM,TUR,1845,1933,1872,1963
"Kamara, Ansumana",CM,SLE,1843,1896,1871,1973
"Zimmermann, Kleber Renato P.",CM,BRA,1843,1989,1846,1967
"Miller, Rachel",CM WIM,JAM,1842,,,2000
"Aragon Trujillo, Ricardo M.",CM,GUA,1842,,1825,2007
"Chunguane, Ilidio Alberto",CM,MOZ,1842,,,1976
"Beaumont, David",CM,AUS,1842,2027,1980,1967
"Mambe, Lobognon Anderson Olivier",CM,CIV,1841,1813,1857,1967
"Kim, Changhoon",CM,KOR,1841,1824,1827,1985
"Lim, Benjamin U",CM,NZL,1840,1745,1927,1961
"Steiner, Tim",CM,USA,1838,,,1973
"Sikivou, Taione",CM,FIJ,1837,1854,1835,1990
"Ramirez Buitrago, Diego Mauricio",CM,COL,1837,1884,1759,1987
"Melkevik, Johannes",CM,NOR,1837,1914,1901,1966
"Guzman Lozano, Campo Elias",CM,COL,1837,2056,2099,1953
"Gontcharov, Serguei",CM,BER,1837,1852,1746,1966
"Ciechanski, Jacenty",CM,POL,1834,1936,,1954
"Montel Jr, Cyril Tomas",CM,PLW,1834,1861,1768,1970
"Hajdu, Istvan",CM,HUN,1833,1828,1937,1951
"Spiller, Paul",CM,NZL,1831,1876,1860,1957
"Ebenezer, Joseph",CM,IND,1831,1658,1958,1966
"Jayasundara, P K U M",CM,SRI,1830,1964,1730,1995
"Mbedza, Richard",CM,MAW,1830,1890,2013,1973
"Mena Cordoba, Yamil Octavio",CM,COL,1830,1911,2004,1984
"Penate, Aldair",CM,COL,1830,,,1996
"Faulks, Nick",CM,BER,1829,1846,,1952
"Salazar Gould, Melanie",CM WFM,CRC,1828,1968,1803,2003
"Gonzalez Ballen, Miguel Eduardo",CM,COL,1828,1901,,1992
"Bobadilla, Yelso",CM,HON,1827,,1853,1982
"Uzuner, Tufan Can",CM,TUR,1825,,,1966
"Forbes, Garry",CM,JCI,1825,1811,1815,1976
"Murray, Bruce D",CM,AUS,1824,1862,1883,1959
"Bongo Akanga Ndjila, Barthelemy",CM,GAB,1824,1887,1768,1971
"Brookfield, Toby",CM,GCI,1823,,,1971
"Norris, Damian C",CM,FIJ,1822,1804,1987,1962
"Hernandez, Esneyder",CM,COL,1822,1874,1819,1979
Daniel Kolliemelen,CM,LBR,1820,1812,1914,1976
"Tandukar, Nabin",CM,NEP,1817,1786,1876,1960
"Choong, Liong-On Mark",CM,SGP,1816,1913,1943,1947
"Reyes La Rosa, Juan",CM,PER,1815,1748,,1958
"Vega Castaneda, Luis Carlos",CM,MEX,1814,1840,1791,1988
Srivatsan Karthikeyan,CM,IND,1813,1739,1862,2007
"Yahi, Mohamed Salem",CM,MTN,1812,1862,1691,1966
"Md. Nasim Hossain, Bhuiyan",CM,BAN,1812,1837,1831,1977
"Mohamed, Hassan",CM,MDV,1812,1842,1855,1976
Makem Pierre,CM,CMR,1812,1840,1937,1975
"Abbott, Peter",CM,AUS,1811,1826,1795,1955
"Vargas, Eduar Misael",CM,COL,1811,1843,1647,1969
"Mercado Garcia, Francisco",CM,MEX,1810,1893,1936,1962
Amr Majdalawi,CM,JOR,1809,1790,1724,2005
"Mariano, Fabian Glen",CM,INA,1809,1956,2052,2007
"Perez Rivero, Juan Jose",CM,VEN,1805,1753,1728,2005
"Zepeda Berlanga, Jan Enrique",CM,MEX,1803,1683,1680,2006
"Novak, Jiri",CM,CZE,1803,1885,1923,1961
"Enamorado, Jose Luis",CM,HON,1803,1796,1815,1967
"Dalling, Peter",CM,SWE,1802,,1805,1949
"Cosoi Scherzer, Alejandro",CM,CHI,1801,1964,1967,1974
"Trifonas, Spyridon",CM,GRE,1800,1924,2132,1958
"Klaas, Tokelo",CM,LES,1800,,1791,1996
"Pilarte, Mario",CM,NCA,1800,1847,1735,1993
"Frutos, Chase",CM,USA,1797,,1695,2002
"Piliczewski, Bogusz",CM,POL,1796,1979,1896,1971
"Helin, Mikael",CM,SWE,1795,1758,1793,1962
"Cardona Marin, Fabio",CM,COL,1795,1984,1815,1954
"Gunaratne, Mojitha Sathsara",CM,SRI,1795,1758,1748,1999
"Negron Lizarazo, Juan Sebastian",CM,COL,1795,1574,1551,2010
"Suaza, Yesid",CM,COL,1794,1856,1846,1977
"Capeles Mendoza, Jomar",CM,PUR,1794,1704,1811,2001
"Martinez Lopez, Jorge Antonio",CM,MEX,1793,1890,1848,1983
"Ramos Caldera, Cesar",CM,TTO,1793,1841,1805,1945
"Matic, Novica",CM,SRB,1793,2012,1934,1969
"Pesqueira, Jose",CM,ARU,1791,1806,,1963
"Mendoza, Edwin",CM,HON,1791,1956,1813,1985
"Knowles, Kendrick",CM,BAH,1790,,,1988
"Forster, William",CM,NZL,1790,1850,,1960
"Araya Umana, Carlos",CM,CRC,1788,1802,1948,1955
"Croes, Octavio",CM,ARU,1787,,1769,1954
"Nisban, Cyrus",CM,SGP,1787,1837,1808,2004
"Khuphwathea, Paul C.",CM,MAW,1785,1811,,1978
"Kempen, Leon",CM,AUS,1784,1955,,1955
"Cabilin, Jeff",CM,AUS,1784,1773,1716,1957
"Juliano, Joao Carlos Mazzini",CM,BRA,1784,1922,1877,1961
John Jallah,CM,LBR,1783,1901,1819,1979
"Cedeno, Romulo",CM,COL,1782,1767,1831,1957
"Barria Valdez, Blass Ernesto",CM,PAN,1780,1874,1734,1954
"Naipal, Hoolan",CM,MRI,1779,1759,1809,1994
"Plaganyi, Gyula",CM,AUS,1779,1803,1676,1966
"Ameer,Dhafer Abdulameer",CM,IRQ,1776,1740,1617,2005
"Narenthran, Tharmaratnam",CM,AUS,1775,1776,,1961
"Dacres, Don",CM,BER,1775,1799,1792,1971
Vivaan Vishal Shah,CM,IND,1774,1903,1978,2012
"Monroy Carrizo, Javier",CM,BOL,1773,2020,1715,1966
"Thake, Conrad",CM,MLT,1773,1718,1685,1963
"Boabaid,Jorge Alberto Duardes",CM,BRA,1770,1780,1890,1949
"Wimalasuriya, Kasun M.",CM,SRI,1767,1883,,1997
"Walker, Tyson",CM,AUS,1767,1801,1876,1988
"Cheon, Sehyuk",CM,KOR,1767,1673,1673,2008
"Paredes, Ricardo Enrique",CM,HON,1765,,,1990
"Sanchez Bermudez, Rogelio Oscar",CM,PAN,1762,1828,1837,1987
"Wane, Al Hassane",CM,SEN,1761,1723,,1971
"Sears, Frank",CM,TTO,1761,1847,1816,1944
"Dube, Rene",CM,NRU,1760,1736,1708,1977
"Samuel, Caleb",CM,RSA,1759,,,1998
"Perez, Damaris Nicole",CM WFM,ESA,1756,,1625,2005
"Small, Byron",CM,BAH,1755,,,1966
"Salim Issa, Ali Shamas",CM,OMA,1754,1941,1998,1969
"Orio, Rogelio L.",CM,GUM,1753,1790,1714,1956
"Davis, Daryl",CM,TTO,1752,1823,1711,1972
"Ball, Christopher",CM,AUS,1744,1834,1878,1991
Monare Tshepo,CM,BOT,1742,1687,,2001
"Predebon, Eduardo Angonesi",CM,BRA,1742,1805,1679,1971
"Sahu, Rajendra Kumar",CM,IND,1741,2036,1987,1966
"Sharma, Bhagawati Prasad",CM,NEP,1738,1763,1842,1967
"Terubea, Ronald",CM,FIJ,1737,1779,1693,1993
"Silva, Kevin Ranidu",CM,SRI,1737,1688,1688,2005
Sharma Pankaj,CM,IND,1735,1834,1890,1990
"Lwanga, Aguda",CM,KEN,1734,1555,1527,2006
"Lee, Seyeon",CM WFM,KOR,1732,1654,,2004
"Yearwood, Sean",CM,TTO,1731,1678,1782,2003
"Munoz Misselis, Nelson Carlos",CM,PAN,1730,1780,1764,1980
"Hoareau, Benjamin",CM,SEY,1730,1767,1782,1982
Elias Thabo,CM,BOT,1730,1827,1689,2000
"Ivanov, Svetlen",CM,BUL,1728,1657,1822,2008
"Korenevski, Oleg",CM,AUS,1726,1771,1757,1947
"Sosu, Edward",CM,GHA,1724,1732,1616,1982
"Ilic, Ilija",CM,AUS,1724,1895,1880,1948
"Hlophe, Smilo",CM,SWZ,1723,,1667,1990
"Medina Turbay, Luis Fernando",CM,VEN,1722,1615,1615,2006
"Schnabel, Johann Emil",CM,RSA,1719,,,2003
"Baruch, Liam",CM,RSA,1718,,,2008
"Mukabi, John",CM,KEN,1717,1881,1819,1964
"Ramesh, Vasanth",CM,KEN,1716,1776,1769,1986
"Amarasinghe, A A C B",CM,SRI,1716,1868,1599,1992
"Abdul Rahman, Ali",CM,MDV,1715,,1852,1969
"Davis, Tony J",CM,AUS,1713,1875,1667,1968
"Tyda, Krzysztof",CM,POL,1708,1528,1541,1960
"Vasquez, Jose Luis",CM,NCA,1706,1722,1748,1960
"Crowley, Regan",CM,AUS,1702,1682,1707,2000
"Wijekoon, Chandana",CM,SRI,1700,1864,1734,1984
"Benschop, Jomar",CM,ARU,1699,,1631,1997
"Benyahia, Safin",CM,ALG,1698,1556,1488,2006
Abraham Kalokoh,CM,LBR,1695,1805,1821,1974
"Sarda, Pedro Sada",CM,BRA,1694,1655,1923,2007
"Thompson, Edward Nii Lamptey",CM,GHA,1688,1739,1607,1960
"Antoniazzi, Francesco",CM,AUS,1684,,,1965
"Fanha, Paulo",CM,POR,1679,1810,1846,1970
"Sihlongonyane, Sikhanyiso",CM,SWZ,1676,,1574,1998
"Chyngyz, Sultai",CM,KGZ,1671,1537,1727,2010
"Buciu, Aurel-John",CM,AUS,1668,1726,1640,1965
Cardenas Lima Vincent Matias,CM,PER,1668,1635,1578,2009
"Flores Bartoli, Andrew",CM,RSA,1659,,1659,2000
"Bekker, Gary D",CM,AUS,1658,1789,,1968
Shane Kennedy,CM,ZAM,1657,,1648,2008
"Arvind, Goru",CM,FIJ,1654,1738,1632,1980
"Aparajita, Gochhikar",CM,IND,1651,,1698,1993
"dos Reis, Tito",CM,TLS,1638,,1606,1961
"Mundaca Bermedo, Tomas",CM,CHI,1630,1531,1489,2008
"Al Kathiri, Salim Said",CM,OMA,1622,1794,1967,1983
Samarth J Rao,CM,IND,1616,1531,1564,1999
"Russell, Paul",CM,AUS,1605,1795,1793,1997
"Vargas Ramos, Rogelio Alberto",CM,PAN,1597,1647,1597,1963
"Hansana, G Haritha",CM,SRI,1588,1498,1472,2010
"Jabbarli, Ayhan",CM,AZE,1587,1418,,2007
"Viasus, Juan Diego",CM,COL,1583,1317,1636,2009
"Cabezas Calero, Abigail Carolina",CM,NCA,1581,1433,1465,2008
"Sammut, Ron",CM,MLT,1576,,,1951
Joang Molapo,CM,LES,1562,,1530,1965
"Grabs, Peter",CM,GER,1557,1452,,2009
"Ajith, M.P.",CM,IND,1551,1912,1813,1986
"Arostegui Gonzalez, Ricardo",CM,CRC,1546,1590,1590,1989
"Marape, Marape Jr",CM,BOT,1542,1548,1536,2003
"Lwanga, Odongo",CM,KEN,1538,1360,1282,2008
"Castellanos Miguel, Carlos Axel",CM,MEX,1538,1506,1600,2006
"Peter, Neathan",CM,RSA,1532,1376,1383,2007
"Gunarathne, Senila Amaneth",CM,SRI,1528,1269,1419,2006
"Hoang, Le Minh Bao",CM,VIE,1525,1444,1724,2009
"Eisa Mohmood, Alkhoori",CM,UAE,1521,1314,1280,2007
"Przysiecki, Kajetan",CM,POL,1515,1572,1775,1953
"Dahmani, Sami",CM,TUN,1514,1497,,2006
"Pianchiche Acero,Miyamu Nillu",CM,ECU,1512,1407,1528,2008
Tong Hai Anh,CM,VIE,1487,1470,1467,2007
"Morillo Marrero, David Alexander",CM,VEN,1467,1362,1314,2008
"Murillo Coloma, Sergio",CM,ECU,1465,1454,1357,2006
"Kabul, Tarik",CM,TUR,1463,,1379,2008
"Bilegsaikhan, Odbayar",CM,MGL,1454,1452,1428,2009
"Yeruultei, Batbaatar",CM,MGL,1431,1440,1507,2010
"Hernandez Santos, David Ale",CM,MEX,1430,1479,1553,2007
"Egan, Bill",CM,AUS,1383,,,1937
"Thakersee, Akshay",CM,RSA,1381,,,2007
"Brahimi, Abderahim",CM,ALG,1381,1375,1334,2007
"Kotze, Jacobus Christiaan",CM,RSA,1361,,,2007
"Medina, Juan Esteban",CM,COL,1357,1449,1481,2008
,,,,,,
,,,,,,
,,,,,,
,,,,,,
,,,,,,
,,,,,,
,,,,,,
,,,,,,
